"AxcQ1","AxcQ2"
"arnT_2",-0.0592882130939198,-0.148855834114979
"prpC_1",0.0653759230774122,-0.00598627292648932
"acpP_3",-0.000721281298743141,-0.0215011995454317
"fdnG",0.2222388537007,0.0516292191126005
"cobL",-0.0416945241383583,0.114372708957545
"pyrC_1",-0.0434075561585241,-0.0277874390272919
"mmsA_1",0.220328890612759,-0.0759240450990527
"cpdA_1",-0.125204142212664,-0.0720629120485808
"rfaF",0.00544968864870171,-0.0299717884820155
"nudC_3",-0.0391019119657283,-0.039230065706876
"mrcB",0.0272757111540203,-0.0158453520927638
"eno",0.307845993475098,0.00575248167604478
"mcpQ_2",-0.12329997908513,0.170571245368077
"group_12295",-0.0330464722939273,0.0325041176464663
"polC",-0.0243693521212962,-0.164858188992536
"group_2575",-0.12329997908513,0.170571245368077
"hipO_2",-0.00564150391443034,-0.0404858211394604
"edd",0.0934420080224659,0.0413396318644793
"group_12497",-0.0330464722939273,0.0325041176464663
"group_9653",-0.167944667316947,-0.0253197575627694
"deaD_2",-0.0215034269895335,-0.0321858316703905
"phzG_1",-0.335440945917442,-0.229977010318176
"cbs",0.0716037939838135,-0.119026292612668
"fliY_1",-0.0330464722939273,0.0325041176464663
"lip_1",-0.0120053463488996,0.0686710227972704
"catD_4",-0.0139889727368735,0.374236241237472
"pobA",-0.0139889727368735,0.374236241237472
"mdtB_1",-0.0773705392169209,0.101117838819877
"poxB",0.0477961144254489,0.00921879634286061
"ilvG",0.442257645987429,-0.0683104074856961
"mexA_2",-0.0924863994649776,-0.185041706561083
"arcB",0.0751198585076703,0.0943575276242879
"nmoA",-0.0602950532855351,0.203728666971243
"puuC_2",-0.0121518777779926,-0.0213604653350112
"bkdA1",0.143028548028345,-0.0314305427455962
"fliP",-0.111522725507468,0.142854423093763
"group_3195",-0.185052361867128,-0.0648014506096796
"ccoP1",-0.0255692007161436,0.126643914480134
"cysG_3",0.032956641359299,0.118355179108131
"group_11276",-0.138166644980709,-0.0379986768671866
"dppA_5",-0.185052361867128,-0.0648014506096796
"hpcE_2",-0.0164138213642709,0.50875860604311
"valS",-0.052033322820609,-0.0194093176400557
"glxR_2",0.0447993757845007,0.0341133252672123
"hom",0.204932658151224,-0.111232504971893
"sfnG",0.111622159836639,-0.158799767520424
"deaD_1",-0.0215034269895335,-0.0321858316703905
"rcsB_2",-0.0773705392169209,0.101117838819877
"fadI",0.609502286884332,0.277966933360256
"purU_1",0.0521019653023322,-0.0586540181984215
"ispF",-0.0166022418910297,-0.0523690058570346
"rhlA_1",-0.315330093090556,-0.116216537080142
"phzD2_2",-0.335440945917442,-0.229977010318176
"surE",0.0150463994007501,-0.0980140292854946
"menF_2",-0.335440945917442,-0.229977010318176
"rcsC_7",-0.0773705392169209,0.101117838819877
"hemA",0.032956641359299,0.118355179108131
"group_10247",-0.111522725507468,0.142854423093763
"astD",-0.0121518777779926,-0.0213604653350112
"fadE",0.0368885095278967,0.0855451553391695
"aroE_1",0.078049806704292,-0.0473908376206242
"group_5381",0.0438145358275735,-0.0126321448050802
"rpsN",-0.104800567010502,-0.0126140900905699
"group_11248",-0.138166644980709,-0.0379986768671866
"opuAB_2",-0.0330464722939273,0.0325041176464663
"nudE",0.00507358901076399,-0.0206478255781182
"dnaB_2",-0.0416805910885774,-0.0514127261215642
"dhaT_3",0.0819984444268594,-0.0257300282704165
"prs",0.205142233344092,-0.00765232485731409
"fecI_1",-0.0773705392169209,0.101117838819877
"phzS_2",-0.223645005016797,-0.170253346476886
"hpcD_1",-0.0164138213642709,0.50875860604311
"leuA",0.319310059919279,-0.0131197980013034
"alkJ_2",0.0214689815928701,-0.0143649264505828
"group_7960",-0.102483620981025,0.202368380393595
"fecR_1",-0.0773705392169209,0.101117838819877
"rpmH",-0.104800567010502,-0.0126140900905699
"yejF_2",-0.0330464722939273,0.0325041176464663
"betA_2",0.0214689815928701,-0.0143649264505828
"group_12368",-0.0773705392169209,0.101117838819877
"lptG",-0.0330464722939273,0.0325041176464663
"ctaA",-0.00584929961125737,0.22695042427373
"fbp_2",0.225019236188753,0.107791988413754
"ispE",-0.0166022418910297,-0.0523690058570346
"gstB_1",0.0438145358275735,-0.0126321448050802
"ompR_3",-0.0773705392169209,0.101117838819877
"rsmA",-0.207648270440349,0.0497027523494144
"xcpP_2",-0.138166644980709,-0.0379986768671866
"group_104",-0.185052361867128,-0.0648014506096796
"nudF",0.00507358901076399,-0.0206478255781182
"murB",0.0950080818460434,0.000379774849754151
"group_543",-0.185052361867128,-0.0648014506096796
"rpoA",-0.121614101750806,0.0242880538610968
"cbiD",-0.0416945241383583,0.114372708957545
"glnA_1",0.131320378879409,0.536680508917755
"mbtH",0.182282888204074,-0.079413776093534
"argT_1",-0.0330464722939273,0.0325041176464663
"ppk",-0.0118906561842458,-0.00802004258778135
"glpQ_1",-0.069303069232689,-0.0224350157071229
"coq7",0.0386500865609067,-0.044470176455396
"flgI",-0.111522725507468,0.142854423093763
"rplW",-0.104800567010502,-0.0126140900905699
"cheR1",-0.12329997908513,0.170571245368077
"group_10237",0.109643540813706,-0.122578149683216
"fliN",-0.157452165375677,0.212307829641963
"murI",0.114645570211313,0.0497153084572277
"group_3808",-0.138166644980709,-0.0379986768671866
"group_12264",-0.203534152189911,-0.0564928732388519
"fecI_8",-0.0773705392169209,0.101117838819877
"epd_1",0.00339176761892292,0.0583209861036404
"pdxA",0.00339176761892292,0.0583209861036404
"nuoM",-0.0214550824657062,0.0204482888918681
"znuB_1",-0.0330464722939273,0.0325041176464663
"fabH_2",0.120529322222822,-0.110427275538676
"aceE",0.268330773313375,0.0144770992241987
"guaD_4",0.00507358901076399,-0.0206478255781182
"cpxR",-0.0999198732640528,-0.0164059202354385
"czcR_1",-0.0773705392169209,0.101117838819877
"mcpQ_3",-0.12329997908513,0.170571245368077
"dapF",0.177819793936285,-0.027985343884382
"thrS",-0.052033322820609,-0.0194093176400557
"rhdA",0.145540229362894,-0.264490560948813
"group_7143",-0.185052361867128,-0.0648014506096796
"ppk2",-0.0118906561842458,-0.00802004258778135
"fabD_2",0.150875894195073,-0.128210974893366
"aroC",0.078049806704292,-0.0473908376206242
"group_3996",-0.203534152189911,-0.0564928732388519
"dltA_2",0.304406574062916,-0.134537309758008
"lip_2",-0.0120053463488996,0.0686710227972704
"pagL",-0.0367388790467878,-0.0313320750596637
"yfcF",0.0438145358275735,-0.0126321448050802
"tag",-0.0420099555301116,-0.0466585190843834
"asnO_1",0.0442075177969415,0.0155213627001399
"dapE",0.147473221964034,-0.0102016445296914
"phnM",-0.128067373126295,-0.0688903684768961
"metN_1",-0.0330464722939273,0.0325041176464663
"group_10823",-0.203534152189911,-0.0564928732388519
"cheB_5",-0.12329997908513,0.170571245368077
"lpxH_1",0.00544968864870171,-0.0299717884820155
"potF_2",-0.0330464722939273,0.0325041176464663
"yigB",0.0197305362236461,-0.0269665173916146
"recQ",-0.0215034269895335,-0.0321858316703905
"group_10809",-0.0330464722939273,0.0325041176464663
"rpmB",-0.104800567010502,-0.0126140900905699
"zwf_2",0.198670969093284,0.0146412878954497
"asnB_2",0.0442075177969415,0.0155213627001399
"lasR",-0.315330093090556,-0.116216537080142
"mmgC_4",0.0253900687395928,-0.00428780033272315
"petB",-0.0255692007161436,0.126643914480134
"hcnB_2",-0.0799009823704452,-0.0156035561740634
"group_12667",-0.0773705392169209,0.101117838819877
"group_10562",-0.12329997908513,0.170571245368077
"group_2424",0.077745904039737,0.0513887342176596
"cobN",-0.0416945241383583,0.114372708957545
"holC",-0.0243693521212962,-0.164858188992536
"acrE",-0.0740511836682832,0.0386776780824982
"ltaE_1",0.141332358158145,-0.024660388279723
"murJ_1",-0.203534152189911,-0.0564928732388519
"group_7971",-0.0699370654178457,-0.0675179475057681
"csrA_2",-0.207648270440349,0.0497027523494144
"thiE_2",-0.0211990469925199,-0.0451535565462568
"mmgC_3",0.0162381997076883,-0.0113780706551574
"ilvB",0.442257645987429,-0.0683104074856961
"ccoN1_3",-0.0255692007161436,0.126643914480134
"gph",0.0751459477567515,0.0163296259125217
"pgl_2",0.123788579994717,0.0235559325097887
"bioD1",0.0347987622656987,-0.0385805313180945
"xcpW",-0.138166644980709,-0.0379986768671866
"group_11598",-0.0255692007161436,0.126643914480134
"clpB",-0.268444376204137,-0.0894137633376493
"catD_1",-0.0139889727368735,0.374236241237472
"group_10510",-0.185052361867128,-0.0648014506096796
"dctQ_2",-0.0773705392169209,0.101117838819877
"epsE",-0.138166644980709,-0.0379986768671866
"secD_2",-0.154623338506586,-0.0399040697341233
"fumA",0.234168181500301,-0.0366466650336164
"phaC_1",0.0376938509014528,-0.0474961977756925
"flhA",-0.111522725507468,0.142854423093763
"rhlE_1",-0.0215034269895335,-0.0321858316703905
"argJ",0.169427342910616,0.0830970096717196
"garK",0.191049883068116,0.0998368921459675
"barA_2",-0.207648270440349,0.0497027523494144
"fecI_7",-0.0773705392169209,0.101117838819877
"ruvA",-0.0824512513915404,-0.0758737804402643
"thiL",-0.0211990469925199,-0.0451535565462568
"deaD",-0.0215034269895335,-0.0321858316703905
"tusA_1",-0.0582189743167103,-0.0599350148743853
"hutU",-0.0053082154048987,-0.0287101375076321
"adhA",-0.00196162946544447,1.5757262390835
"group_9262",-0.0773705392169209,0.101117838819877
"fabI",0.216742509731765,-0.16307400602072
"nuoJ",-0.0214550824657062,0.0204482888918681
"yscU",-0.138166644980709,-0.0379986768671866
"hemB",0.032956641359299,0.118355179108131
"fadB_4",0.634888097157385,-0.084040881676455
"lpxA",-0.0170996453984302,-0.147495547537331
"kdpB_3",-0.0773705392169209,0.101117838819877
"glpD_1",-0.0389564972604383,-0.0402187150618134
"astE",-0.0121518777779926,-0.0213604653350112
"rplL",-0.104800567010502,-0.0126140900905699
"kdpB_1",-0.0773705392169209,0.101117838819877
"hisC_4",0.134532906809921,0.0294960038063893
"group_2010",-0.138166644980709,-0.0379986768671866
"proA",0.0924965848790879,-0.0951301295657281
"hpcB",-0.0164138213642709,0.50875860604311
"aroQ1_2",0.078049806704292,-0.0473908376206242
"bvgS_1",-0.0773705392169209,0.101117838819877
"group_1393",-0.111522725507468,0.142854423093763
"ngcG",-0.0330464722939273,0.0325041176464663
"fadA_4",0.642903515092675,0.183379275922138
"group_2711",-0.0773705392169209,0.101117838819877
"fecI_2",-0.0773705392169209,0.101117838819877
"mglA",-0.0330464722939273,0.0325041176464663
"rpmC",-0.104800567010502,-0.0126140900905699
"paoA",0.0493781825361706,0.00111834392715787
"pyrC",-0.0434075561585241,-0.0277874390272919
"group_7203",0.0634069052618756,-0.0534220966694274
"acsA_3",0.578123518682004,0.0441975397642107
"gloB_1",0.0477961144254489,0.00921879634286061
"group_728",-0.203534152189911,-0.0564928732388519
"czcR_4",-0.0773705392169209,0.101117838819877
"ilvD",0.291945589566013,-0.0201670335074292
"hisQ_2",-0.0330464722939273,0.0325041176464663
"lptB_2",-0.0330464722939273,0.0325041176464663
"fliG",-0.157452165375677,0.212307829641963
"garB",0.0438145358275735,-0.0126321448050802
"cobT",-0.0416945241383583,0.114372708957545
"ssuB_3",0.109643540813706,-0.122578149683216
"trpC",0.078049806704292,-0.0473908376206242
"lpxH_2",0.00544968864870171,-0.0299717884820155
"secA",-0.266419279407231,-0.0996277335754136
"glxR_1",0.0447993757845007,0.0341133252672123
"nadK",-0.0391019119657283,-0.039230065706876
"purT",0.0849113181963358,-0.129838581820794
"group_4408",0.155926753362046,-0.137033598015148
"xthA_2",-0.0420099555301116,-0.0466585190843834
"recG",-0.0824512513915404,-0.0758737804402643
"fumC_2",0.234168181500301,-0.0366466650336164
"arnE",-0.0958057550136153,-0.122601545823705
"sctC_1",-0.138166644980709,-0.0379986768671866
"oadA",0.249033820595668,-0.0331408976586515
"dnaG",-0.0416805910885774,-0.0514127261215642
"group_11093",-0.0330464722939273,0.0325041176464663
"cysE",0.265529302940294,-0.249244702384836
"mmsB_2",0.0162381997076883,-0.0113780706551574
"gltX",0.151127473160715,0.0500496470878469
"coaX",0.0204316440721829,0.00217156083673484
"ldhA",0.0921007079508556,0.0309849658481367
"panB_2",0.0507782160444337,-0.0156121385179557
"treY",-0.204165938423838,-0.136970369339312
"dppD",-0.0330464722939273,0.0325041176464663
"group_2508",-0.0132539612617722,0.215982426830251
"lspA_2",-0.0897131144923606,-0.00698317963532608
"catB",0.029881751353747,0.728274052980054
"ldc",0.0930770832928255,-0.0480588093040408
"rbsK",-0.0103303226902453,0.0271232005668067
"clsB",-0.0271145015371994,-0.0210747291294747
"glnG",-0.0773705392169209,0.101117838819877
"metP",-0.0330464722939273,0.0325041176464663
"nagK",0.00770182195046881,0.176358175883491
"cysM",-0.0112796128523012,-0.090595166998136
"dadX",0.149727332555288,-0.00377271967009548
"dctP_3",-0.0773705392169209,0.101117838819877
"gstB_3",0.0438145358275735,-0.0126321448050802
"hpd",0.0281949456412755,0.0948547085195311
"atsA",0.0108766048588651,0.0692880059337417
"potA_4",-0.144842413194572,-0.0272195461948238
"group_4600",-0.111522725507468,0.142854423093763
"argC",0.169427342910616,0.0830970096717196
"sdhC",0.233678688781593,-0.0691958700695605
"cynS_1",-0.0602950532855351,0.203728666971243
"rpsC",-0.104800567010502,-0.0126140900905699
"group_2287",-0.104429846902781,0.0279010459064593
"tctD",-0.0773705392169209,0.101117838819877
"recD_1",-0.0824512513915404,-0.0758737804402643
"oprM_3",-0.18173300631849,-0.127241611347058
"secD_1",-0.154623338506586,-0.0399040697341233
"group_3716",-0.111522725507468,0.142854423093763
"speE_1",0.0373065406716499,-0.102874844777019
"fabG_10",0.216742509731765,-0.16307400602072
"serC",0.28350289278993,-0.0394719124728986
"fliY_2",-0.0330464722939273,0.0325041176464663
"trpD_2",0.078049806704292,-0.0473908376206242
"mqo_1",0.234168181500301,-0.0366466650336164
"livF_1",-0.144842413194572,-0.0272195461948238
"citE",0.0504824989779752,-0.0080821765840564
"norC",-0.0159904597601285,0.225494836476519
"ssuA_5",0.109643540813706,-0.122578149683216
"mobA",-0.025609174213448,-0.0544946158212443
"group_12217",-0.138166644980709,-0.0379986768671866
"hpaB_1",-0.0164138213642709,0.50875860604311
"ddpX",0.0466600507372223,0.0957814872229244
"pat",0.134532906809921,0.0294960038063893
"yafV",-0.0313512652429267,0.0475829940345561
"group_10288",0.0694335921411499,-0.160160054098072
"mdtC_1",-0.0773705392169209,0.101117838819877
"group_2607",-0.12329997908513,0.170571245368077
"group_10924",-0.0330464722939273,0.0325041176464663
"fdoH",0.2222388537007,0.0516292191126005
"phoA",-0.0198544861854115,0.0102649534115061
"group_1448",-0.315330093090556,-0.116216537080142
"hemN",-0.0113479521661076,0.0965890096028545
"murG",0.193494868803653,-0.019821417112068
"pitA_3",-0.139909368849534,-0.0880343544092349
"rmlD",-0.182667437058056,-0.191684082299575
"group_12244",-0.025609174213448,-0.0544946158212443
"degU_2",-0.0773705392169209,0.101117838819877
"group_2778",-0.0367388790467878,-0.0313320750596637
"groL",-0.0215034269895335,-0.0321858316703905
"dnaK_1",-0.0215034269895335,-0.0321858316703905
"lpxL_2",0.00544968864870171,-0.0299717884820155
"acoC",0.268330773313375,0.0144770992241987
"ypeA",0.169427342910616,0.0830970096717196
"group_2734",-0.138166644980709,-0.0379986768671866
"argS",-0.052033322820609,-0.0194093176400557
"xcpT_2",-0.138166644980709,-0.0379986768671866
"flgE",-0.111522725507468,0.142854423093763
"mlaF",-0.0330464722939273,0.0325041176464663
"cheB_1",-0.12329997908513,0.170571245368077
"davD",0.115755336568957,0.167160160870191
"ppx",0.00507358901076399,-0.0206478255781182
"pilE",-0.0773705392169209,0.101117838819877
"cysC_2",0.192068195643804,-0.153963923402525
"moaA_2",-0.0105717275636749,-0.10935184392724
"fabG_9",0.216742509731765,-0.16307400602072
"xcpV",-0.138166644980709,-0.0379986768671866
"tauA",0.109643540813706,-0.122578149683216
"dppA_1",-0.0789759121621365,0.101957524194666
"group_10239",-0.052033322820609,-0.0194093176400557
"group_9374",-0.207648270440349,0.0497027523494144
"hutH_1",-0.0053082154048987,-0.0287101375076321
"lhpD",0.0165414278417153,0.0150752536717484
"kdpB",-0.0773705392169209,0.101117838819877
"sctC_2",-0.138166644980709,-0.0379986768671866
"tatB",-0.154623338506586,-0.0399040697341233
"moeB",-0.0582189743167103,-0.0599350148743853
"rpiA",0.169000791062334,0.00927800053006303
"ribF",0.0197305362236461,-0.0269665173916146
"mutY",-0.0420099555301116,-0.0466585190843834
"ptsP",-0.0262964778878749,0.0362119459875422
"flgH",-0.111522725507468,0.142854423093763
"glnD",-0.0773705392169209,0.101117838819877
"rpsK",-0.104800567010502,-0.0126140900905699
"hemD",0.032956641359299,0.118355179108131
"bluB",-0.0106160357486046,-0.00918281803692402
"cobS",-0.0416945241383583,0.114372708957545
"ugpC",-0.0330464722939273,0.0325041176464663
"mtaD",-0.0564918239199188,-0.0763172350184103
"pdxB",0.00339176761892292,0.0583209861036404
"alr",0.149727332555288,-0.00377271967009548
"group_10436",-0.00196162946544447,1.5757262390835
"cheB_4",-0.12329997908513,0.170571245368077
"lipR",-0.02964511918917,0.252133195443803
"pyrF",-0.0434075561585241,-0.0277874390272919
"secF",-0.154623338506586,-0.0399040697341233
"eptA_2",-0.0170996453984302,-0.147495547537331
"group_4137",-0.0330464722939273,0.0325041176464663
"yscX",-0.138166644980709,-0.0379986768671866
"pleD_1",-0.207648270440349,0.0497027523494144
"ndh",-0.0636436501611957,0.0190880023142199
"fliI",-0.176432949521693,0.109933532994965
"fabF_1",0.186395937759515,-0.145290306666029
"metF",0.122195634655038,-0.080908125781054
"group_10073",-0.207648270440349,0.0497027523494144
"dctP_1",-0.0773705392169209,0.101117838819877
"purC",0.0354201609830147,-0.0384315249328087
"gmk",0.00507358901076399,-0.0206478255781182
"metH",0.215429617838372,-0.330567563709504
"rcsC_4",-0.0773705392169209,0.101117838819877
"dctB_3",-0.0773705392169209,0.101117838819877
"fliJ",-0.111522725507468,0.142854423093763
"group_11795",-0.138166644980709,-0.0379986768671866
"group_2002",-0.203534152189911,-0.0564928732388519
"gltD_2",0.0592849113078069,0.2447336993674
"narL",-0.0773705392169209,0.101117838819877
"rcsC_13",-0.0773705392169209,0.101117838819877
"cyoA",-0.0214550824657062,0.0204482888918681
"btuD_3",-0.0330464722939273,0.0325041176464663
"iscS_2",-0.00616160034274682,-0.100010784652253
"cysA",0.109643540813706,-0.122578149683216
"group_4413",-0.12329997908513,0.170571245368077
"pykA",0.29743126227286,0.025567035176555
"msbA",-0.0330464722939273,0.0325041176464663
"puuC_1",-0.0121518777779926,-0.0213604653350112
"ompR_2",-0.0773705392169209,0.101117838819877
"aroQ1_1",0.078049806704292,-0.0473908376206242
"pqsD",-0.507907244836359,-0.282752383366287
"hisC_2",0.134532906809921,0.0294960038063893
"cbdB",-0.186269239447408,0.543481504042012
"argT_2",-0.0330464722939273,0.0325041176464663
"rpsA",-0.104800567010502,-0.0126140900905699
"gap2",0.182425852294659,0.0295610640303304
"ndhC_2",-0.0214550824657062,0.0204482888918681
"prpC_2",0.0653759230774122,-0.00598627292648932
"folP",-0.025609174213448,-0.0544946158212443
"dctA",-0.0773705392169209,0.101117838819877
"gapN",0.127604599835539,0.0924633961222944
"hcp1_1",-0.268444376204137,-0.0894137633376493
"ccoN1_1",-0.0255692007161436,0.126643914480134
"oprM_4",-0.18173300631849,-0.127241611347058
"group_11338",0.032956641359299,0.118355179108131
"rhlE_3",-0.0215034269895335,-0.0321858316703905
"coaBC",0.0204316440721829,0.00217156083673484
"bvgA_1",-0.0773705392169209,0.101117838819877
"group_7043",-0.0773705392169209,0.101117838819877
"zur",-0.185052361867128,-0.0648014506096796
"phoA2",-0.0371605905443647,0.138699743234733
"sqr",0.0694335921411499,-0.160160054098072
"group_4599",-0.111522725507468,0.142854423093763
"cheY_1",-0.12329997908513,0.170571245368077
"fabG_4",0.216742509731765,-0.16307400602072
"cobN_2",-0.0416945241383583,0.114372708957545
"pbpC",0.0305950667026581,-0.0782855128301426
"group_10939",-0.207648270440349,0.0497027523494144
"rplF",-0.104800567010502,-0.0126140900905699
"gmd",-0.012123133096986,0.0409601692725629
"group_1494",-0.138166644980709,-0.0379986768671866
"treA",-0.204165938423838,-0.136970369339312
"btuE_1",-0.0309439417071448,-0.125674043040414
"xseB",-0.0467503515741452,-0.0477272559674867
"hutG",0.0705590136505959,0.00912068795032127
"murD",0.215177702331817,0.0389477431328532
"flhB",-0.111522725507468,0.142854423093763
"queF",-0.025609174213448,-0.0544946158212443
"ptsH",-0.0262964778878749,0.0362119459875422
"nth",-0.0420099555301116,-0.0466585190843834
"group_4666",-0.0330464722939273,0.0325041176464663
"mutL",-0.0467503515741452,-0.0477272559674867
"tolC_3",-0.161510741729641,-0.111766971071615
"glnL",-0.0773705392169209,0.101117838819877
"sfnF",0.132073977359029,-0.164265085366607
"nuoI",-0.0214550824657062,0.0204482888918681
"glmM_2",-0.00552405027446037,0.0111473401741286
"hcpA_3",-0.268444376204137,-0.0894137633376493
"dnaE",-0.0243693521212962,-0.164858188992536
"group_10252",-0.0999198732640528,-0.0164059202354385
"aroA",0.0888818378912057,-0.0670525444969564
"group_11792",-0.203534152189911,-0.0564928732388519
"fbpA",-0.0330464722939273,0.0325041176464663
"phzB2",-0.335440945917442,-0.229977010318176
"bcd",0.11454113447883,0.0601008855200627
"rpsR",-0.104800567010502,-0.0126140900905699
"uvrC",-0.0376096943783651,-0.0571157250239935
"yecS_1",-0.0330464722939273,0.0325041176464663
"group_1626",-0.0330464722939273,0.0325041176464663
"pstB",-0.0330464722939273,0.0325041176464663
"tatA",-0.154623338506586,-0.0399040697341233
"ureC",0.16575356198997,0.14737298554295
"rpsG",-0.104800567010502,-0.0126140900905699
"nirS_2",-0.0159904597601285,0.225494836476519
"glpD_2",-0.0389564972604383,-0.0402187150618134
"spuD_3",-0.0330464722939273,0.0325041176464663
"phzG_2",-0.335440945917442,-0.229977010318176
"ftsX",-0.0330464722939273,0.0325041176464663
"ppsA",0.225235592341649,0.0267346901882488
"vgrG1_5",-0.138166644980709,-0.0379986768671866
"paaH_2",0.163782461294181,-0.0462609456634208
"gltK_1",-0.0371605905443647,0.138699743234733
"astB",-0.0121518777779926,-0.0213604653350112
"gpmI",0.308629834362012,0.0222131003182043
"virB4_2",-0.185052361867128,-0.0648014506096796
"dhaT_2",-0.00196162946544447,1.5757262390835
"bvgA_2",-0.0773705392169209,0.101117838819877
"ggt_1",0.046512299419483,0.182930189042383
"group_2227",-0.207648270440349,0.0497027523494144
"nadC",-0.0391019119657283,-0.039230065706876
"pcpD_2",-0.0221951640551059,-0.00645856992455566
"phnE_3",-0.0330464722939273,0.0325041176464663
"potA_5",-0.144842413194572,-0.0272195461948238
"QRSL1",0.0793725011584598,0.0404775908918214
"recO",-0.0824512513915404,-0.0758737804402643
"treZ",-0.204165938423838,-0.136970369339312
"eutB",-0.0271145015371994,-0.0210747291294747
"purL",0.0354201609830147,-0.0384315249328087
"pyrR",-0.0434075561585241,-0.0277874390272919
"group_11628",-0.203534152189911,-0.0564928732388519
"dgt_2",0.00507358901076399,-0.0206478255781182
"priA",-0.0824512513915404,-0.0758737804402643
"group_1464",0.0530651725543546,0.0706482925113899
"alkT",-0.0731518652956596,0.13792609706344
"mlaE",-0.0330464722939273,0.0325041176464663
"cbiA",-0.0416945241383583,0.114372708957545
"hisG",0.0702505676349695,-0.0607717688420483
"accA1_1",-0.0297303619006405,-0.0672171744102061
"proS",-0.052033322820609,-0.0194093176400557
"glgA",-0.204165938423838,-0.136970369339312
"algA_2",-0.112054292348163,-0.0282386165525903
"bfr_1",-0.0838830918338479,0.113012422379897
"rpsH",-0.104800567010502,-0.0126140900905699
"norB",-0.0159904597601285,0.225494836476519
"ttgR",-0.0699370654178457,-0.0675179475057681
"nuoK",-0.0214550824657062,0.0204482888918681
"recA",-0.0824512513915404,-0.0758737804402643
"asnB",0.0442075177969415,0.0155213627001399
"hpcE_1",-0.0164138213642709,0.50875860604311
"can",-0.0602950532855351,0.203728666971243
"dhfrIII",0.023881982999873,-0.14590167270923
"phzS",-0.223645005016797,-0.170253346476886
"ubiA",0.0386500865609067,-0.044470176455396
"pdxA2",0.00339176761892292,0.0583209861036404
"trxB",-0.0525188903857349,0.0257629139891584
"mcpU_1",-0.12329997908513,0.170571245368077
"leuD1",0.321996444471805,-0.0304207709282204
"fliQ",-0.111522725507468,0.142854423093763
"alkB1",-0.0609985368104795,0.115589627416181
"ansA",-0.0801843943423781,0.0356969380512338
"group_2309",-0.12329997908513,0.170571245368077
"pcaG",-0.0139889727368735,0.374236241237472
"algG",-0.0376669360935195,0.0260953289076931
"dctD_1",-0.0773705392169209,0.101117838819877
"group_11446",-0.203534152189911,-0.0564928732388519
"mmgC_1",0.124179635214402,0.24621165880244
"rplU",-0.104800567010502,-0.0126140900905699
"artI",-0.0330464722939273,0.0325041176464663
"czcA_2",-0.0773705392169209,0.101117838819877
"flgD",-0.111522725507468,0.142854423093763
"ydcV_1",-0.0330464722939273,0.0325041176464663
"aroH_2",-0.0337461341963526,-0.107114501461915
"clpV1_1",-0.268444376204137,-0.0894137633376493
"ampC",-0.0699370654178457,-0.0675179475057681
"tagG",-0.0330464722939273,0.0325041176464663
"znuC_1",-0.0330464722939273,0.0325041176464663
"traG_1",-0.138166644980709,-0.0379986768671866
"group_152",-0.185052361867128,-0.0648014506096796
"crt_1",0.57542035997008,-0.0764911434688516
"pal_4",-0.157452165375677,0.212307829641963
"dxr",-0.0166022418910297,-0.0523690058570346
"arcC1",0.11024764844773,0.331151432030984
"nuoC",-0.0214550824657062,0.0204482888918681
"secB",-0.266419279407231,-0.0996277335754136
"moaC",-0.0105717275636749,-0.10935184392724
"bcpA",0.0477961144254489,0.00921879634286061
"group_4801",-0.185052361867128,-0.0648014506096796
"wspC",-0.0773705392169209,0.101117838819877
"mupP_2",-0.00552405027446037,0.0111473401741286
"pctA",-0.12329997908513,0.170571245368077
"group_10084",-0.144842413194572,-0.0272195461948238
"folK",-0.025609174213448,-0.0544946158212443
"ribE",0.0197305362236461,-0.0269665173916146
"cmk",-0.0434075561585241,-0.0277874390272919
"RBKS",-0.18522121824983,-0.0922926998760086
"dacB",0.0272757111540203,-0.0158453520927638
"ascD",-0.00552405027446037,0.0111473401741286
"guaD_3",0.00507358901076399,-0.0206478255781182
"fldP",0.0386500865609067,-0.044470176455396
"ectB",0.20529327058884,-0.0181372068776007
"zwf_1",0.198670969093284,0.0146412878954497
"glcB",0.257782246165906,0.0434823537437961
"yscJ",-0.138166644980709,-0.0379986768671866
"mqo_2",0.234168181500301,-0.0366466650336164
"uvrD",-0.011103624986027,-0.0997651942230909
"bioA",0.0347987622656987,-0.0385805313180945
"hpcG",0.00770182195046881,0.176358175883491
"fabF_2",0.186395937759515,-0.145290306666029
"yfcG_1",0.0438145358275735,-0.0126321448050802
"argF",0.0751198585076703,0.0943575276242879
"adh_1",-0.00449471679403676,-0.0488564843533408
"nuoL",-0.0214550824657062,0.0204482888918681
"fpr_1",-0.0310678532709939,-0.00371750019074107
"rcsC_14",-0.0773705392169209,0.101117838819877
"bioB",0.0347987622656987,-0.0385805313180945
"sucB",0.23890605079732,0.0295727016802302
"cheW_1",-0.12329997908513,0.170571245368077
"rpsS",-0.104800567010502,-0.0126140900905699
"nadE_1",-0.0391019119657283,-0.039230065706876
"acrB_2",-0.0924863994649776,-0.185041706561083
"accA_1",0.429955968952633,-0.10332701979784
"group_675",-0.315330093090556,-0.116216537080142
"araG",-0.0330464722939273,0.0325041176464663
"recB_1",-0.0824512513915404,-0.0758737804402643
"mmgE",0.0653759230774122,-0.00598627292648932
"group_11250",-0.203534152189911,-0.0564928732388519
"epsF_2",-0.138166644980709,-0.0379986768671866
"nadE_2",-0.0391019119657283,-0.039230065706876
"maeB",0.15156844513816,0.0234352276405332
"metE",0.165938460625051,-0.239160506821519
"flgB",-0.111522725507468,0.142854423093763
"ttuE",0.29743126227286,0.025567035176555
"tmk",-0.0434075561585241,-0.0277874390272919
"fbp_1",0.225019236188753,0.107791988413754
"putA",0.0179112822223253,0.0121563295355954
"pfeS_1",-0.0773705392169209,0.101117838819877
"metC",0.218475295488915,-0.24980793308136
"aruH",-0.0121518777779926,-0.0213604653350112
"caiC",-0.0600769338728912,-0.0494334750555154
"group_7978",0.18715051980792,-0.00186753855492349
"fabG_1",0.216742509731765,-0.16307400602072
"group_12018",-0.185052361867128,-0.0648014506096796
"lpxC",0.00544968864870171,-0.0299717884820155
"rcsC_8",-0.0773705392169209,0.101117838819877
"group_10981",-0.0330464722939273,0.0325041176464663
"ung",-0.0420099555301116,-0.0466585190843834
"group_10711",-0.185052361867128,-0.0648014506096796
"kinB",-0.0773705392169209,0.101117838819877
"dltA_1",0.304406574062916,-0.134537309758008
"dcd_1",-0.0434075561585241,-0.0277874390272919
"rpmE",-0.104800567010502,-0.0126140900905699
"spuD_2",-0.0330464722939273,0.0325041176464663
"antB",0.0199934036403837,-0.0050982833469074
"pheC",0.078049806704292,-0.0473908376206242
"artQ",-0.0330464722939273,0.0325041176464663
"phzM",-0.223645005016797,-0.170253346476886
"ldh",0.148232449730955,-0.00817821506702754
"purA",0.00479017703883114,0.030652668647179
"lolE_2",-0.0330464722939273,0.0325041176464663
"braC",-0.144842413194572,-0.0272195461948238
"kdpA",-0.0773705392169209,0.101117838819877
"group_2740",-0.12329997908513,0.170571245368077
"lpdG",0.624086503553284,0.110886818469594
"group_2735",-0.138166644980709,-0.0379986768671866
"lpxD_1",0.00544968864870171,-0.0299717884820155
"btuE_2",-0.0309439417071448,-0.125674043040414
"phzA2",-0.335440945917442,-0.229977010318176
"group_1351",-0.138166644980709,-0.0379986768671866
"guaA",0.00507358901076399,-0.0206478255781182
"gltD_1",0.0592849113078069,0.2447336993674
"hemL2",0.032956641359299,0.118355179108131
"wbpE",-0.00552405027446037,0.0111473401741286
"pyrH",-0.0434075561585241,-0.0277874390272919
"fumC_1",0.234168181500301,-0.0366466650336164
"ispU",0.0417413225339845,-0.0644968577590574
"group_12327",0.119450541282158,0.0380957954177978
"trpE",-0.386947589137834,-0.307281734863831
"purF",0.0351367490110819,0.0128689692924884
"garR_1",0.0162381997076883,-0.0113780706551574
"baeR_2",-0.0773705392169209,0.101117838819877
"dut",-0.0434075561585241,-0.0277874390272919
"zraR_3",-0.0773705392169209,0.101117838819877
"benC",-0.186269239447408,0.543481504042012
"nagL_1",-0.0132539612617722,0.215982426830251
"rnhA",-0.0416805910885774,-0.0514127261215642
"serS",-0.052033322820609,-0.0194093176400557
"folC",-0.025609174213448,-0.0544946158212443
"group_9757",-0.207648270440349,0.0497027523494144
"miaA",-0.000721281298743141,-0.0215011995454317
"gcvP_2",0.18715051980792,-0.00186753855492349
"rpmI",-0.104800567010502,-0.0126140900905699
"sir_2",-0.0416945241383583,0.114372708957545
"xcpY",-0.138166644980709,-0.0379986768671866
"moaB_1",-0.025609174213448,-0.0544946158212443
"wbpB",-0.00552405027446037,0.0111473401741286
"dadA1_2",-0.00564150391443034,-0.0404858211394604
"lox",-0.105826330805712,-0.116759398426075
"dppB",-0.0330464722939273,0.0325041176464663
"ppnP",0.0230804580954846,-0.0625014637693596
"ssuB_1",0.109643540813706,-0.122578149683216
"modB",-0.0330464722939273,0.0325041176464663
"cbiG",-0.0416945241383583,0.114372708957545
"sdhA",0.233678688781593,-0.0691958700695605
"group_2712",-0.0773705392169209,0.101117838819877
"group_3897",-0.0773705392169209,0.101117838819877
"tusB",-0.0582189743167103,-0.0599350148743853
"dauB",-0.0986425335617113,-0.0460643377478258
"group_12345",-0.12329997908513,0.170571245368077
"rpsM",-0.104800567010502,-0.0126140900905699
"icd_1",0.369706298372989,-0.0840360561138512
"pfeA_3",-0.0773705392169209,0.101117838819877
"phnE_1",-0.0330464722939273,0.0325041176464663
"oprM_1",-0.18173300631849,-0.127241611347058
"lvr",-0.186269239447408,0.543481504042012
"kynB",0.0807919316652531,0.0944762346521711
"xcpQ",-0.138166644980709,-0.0379986768671866
"fadA_5",0.189136886536033,0.0110665393505394
"group_10913",0.334753146035166,-0.152321009112698
"group_1606",-0.138166644980709,-0.0379986768671866
"argA",0.169427342910616,0.0830970096717196
"relA",0.00507358901076399,-0.0206478255781182
"katB",0.170606240824808,0.0691427970898771
"accC_2",0.429955968952633,-0.10332701979784
"carB",-0.0436909681304569,0.0235130551980053
"nasA",-0.0159904597601285,0.225494836476519
"atoS",-0.0773705392169209,0.101117838819877
"guaD_2",0.00507358901076399,-0.0206478255781182
"ndk",0.0230804580954846,-0.0625014637693596
"icd_2",0.369706298372989,-0.0840360561138512
"pepA",0.0438145358275735,-0.0126321448050802
"group_9684",-0.203534152189911,-0.0564928732388519
"pqsC",-0.507907244836359,-0.282752383366287
"tktA",0.169000791062334,0.00927800053006303
"rpsQ",-0.104800567010502,-0.0126140900905699
"group_12568",-0.138166644980709,-0.0379986768671866
"alaS",-0.052033322820609,-0.0194093176400557
"rplO",-0.104800567010502,-0.0126140900905699
"acyP",0.0988573713368265,0.00783801318669429
"ilvE",0.31382767189577,-0.100427338799515
"hprA",0.305122260536815,0.0231980934980682
"aceF",0.268330773313375,0.0144770992241987
"oprD_4",-0.0740511836682832,0.0386776780824982
"degP",-0.0999198732640528,-0.0164059202354385
"qseC_1",-0.189166480117566,0.0413941749785868
"group_8043",-0.266419279407231,-0.0996277335754136
"suhB_2",-0.05792757590006,-0.0993036855054381
"dapA_3",0.360823963439103,-0.0858979204324844
"dctM_1",-0.0773705392169209,0.101117838819877
"rfbB",-0.364305705624172,-0.3422909322364
"fabH_1",0.120529322222822,-0.110427275538676
"kduD",-0.196250799041094,-0.0408856920706467
"algA_3",-0.112054292348163,-0.0282386165525903
"cysG_2",0.032956641359299,0.118355179108131
"group_10982",-0.203534152189911,-0.0564928732388519
"yfdE_3",-0.0310678532709939,-0.00371750019074107
"opuAB_1",-0.0330464722939273,0.0325041176464663
"tatC",-0.154623338506586,-0.0399040697341233
"hcnA_2",-0.0799009823704452,-0.0156035561740634
"envZ",-0.0773705392169209,0.101117838819877
"group_10183",-0.203534152189911,-0.0564928732388519
"folB",-0.025609174213448,-0.0544946158212443
"gcvH_3",0.18715051980792,-0.00186753855492349
"panD",0.108566155244329,-0.0514052618574982
"group_2579",-0.0255692007161436,0.126643914480134
"vanW",0.0466600507372223,0.0957814872229244
"phnB",-0.386947589137834,-0.307281734863831
"rfaP_1",0.00544968864870171,-0.0299717884820155
"rpoZ",-0.121614101750806,0.0242880538610968
"plcN_2",-0.191534625927916,-0.0858978863892561
"glgX",-0.204165938423838,-0.136970369339312
"group_11677",-0.0525188903857349,0.0257629139891584
"nadD_2",-0.0391019119657283,-0.039230065706876
"napA_1",-0.0159904597601285,0.225494836476519
"purU_2",0.0521019653023322,-0.0586540181984215
"group_2280",-0.203534152189911,-0.0564928732388519
"pip",-0.0121518777779926,-0.0213604653350112
"dctM_2",-0.0773705392169209,0.101117838819877
"group_4078",-0.204165938423838,-0.136970369339312
"ileS",-0.052033322820609,-0.0194093176400557
"prsD_2",-0.0330464722939273,0.0325041176464663
"hemC",0.032956641359299,0.118355179108131
"nosY",-0.0330464722939273,0.0325041176464663
"atpC",-0.0214550824657062,0.0204482888918681
"pctC",-0.12329997908513,0.170571245368077
"group_1994",-0.0330464722939273,0.0325041176464663
"group_10185",-0.0330464722939273,0.0325041176464663
"rplN",-0.104800567010502,-0.0126140900905699
"metXS",0.161756972227583,-0.263461133682509
"xseA",-0.0467503515741452,-0.0477272559674867
"amiC_3",-0.144842413194572,-0.0272195461948238
"eda_1",0.16930923707796,0.0791704573224326
"rpsB",-0.104800567010502,-0.0126140900905699
"btuD_4",-0.0330464722939273,0.0325041176464663
"cheB2",-0.12329997908513,0.170571245368077
"fecI_5",-0.0773705392169209,0.101117838819877
"group_11591",-0.0866067256194526,-0.137467296863408
"group_11796",-0.0330464722939273,0.0325041176464663
"arnB",-0.0321875025720298,-0.000180793292920543
"dapA_1",0.360823963439103,-0.0858979204324844
"cysK",0.265529302940294,-0.249244702384836
"lolD_2",-0.0330464722939273,0.0325041176464663
"group_11068",-0.144842413194572,-0.0272195461948238
"pfeA_2",-0.0773705392169209,0.101117838819877
"ssuC_1",0.109643540813706,-0.122578149683216
"group_9713",-0.000752674891341367,0.0510767863524119
"pucM",0.0493781825361706,0.00111834392715787
"glyA_3",0.320645927746052,-0.0765892519982748
"asnO_2",0.0442075177969415,0.0155213627001399
"gcvT_1",0.236641677021241,-0.0932745954429091
"queD",-0.025609174213448,-0.0544946158212443
"group_7024",0.0702505676349695,-0.0607717688420483
"tsaM1",-0.0221951640551059,-0.00645856992455566
"yecS_4",-0.0330464722939273,0.0325041176464663
"mutS",-0.0467503515741452,-0.0477272559674867
"rcsC_15",-0.0773705392169209,0.101117838819877
"ubiG",0.0386500865609067,-0.044470176455396
"pgk",0.182425852294659,0.0295610640303304
"atpF",-0.0214550824657062,0.0204482888918681
"group_3410",-0.070805117172684,0.00528501559960955
"yeiG",0.146371624645206,0.0137983936546471
"hdl IVa",-0.0836843427555546,0.476583731187453
"hisJ",-0.0330464722939273,0.0325041176464663
"ccoN1_4",-0.0255692007161436,0.126643914480134
"crt_3",0.57542035997008,-0.0764911434688516
"rplA",-0.104800567010502,-0.0126140900905699
"nuoB",-0.0214550824657062,0.0204482888918681
"fadJ",0.60270508441485,-0.0241256080662931
"lasA",-0.185052361867128,-0.0648014506096796
"atpB",-0.0214550824657062,0.0204482888918681
"puuB_4",-0.0121518777779926,-0.0213604653350112
"group_11090",-0.185052361867128,-0.0648014506096796
"lysN",0.182610473746207,-0.0467340993625006
"cheY_2",-0.12329997908513,0.170571245368077
"puuA_5",0.131320378879409,0.536680508917755
"sumT",0.032956641359299,0.118355179108131
"pcaB_2",-0.0139889727368735,0.374236241237472
"kynA",0.0049247026097585,0.0566454091942178
"yafV_2",-0.0313512652429267,0.0475829940345561
"fabG_11",0.216742509731765,-0.16307400602072
"cmtAb",-0.186269239447408,0.543481504042012
"glyQ",-0.052033322820609,-0.0194093176400557
"acpP_1",-0.000721281298743141,-0.0215011995454317
"aruG",-0.0121518777779926,-0.0213604653350112
"group_11283",0.178918278469462,0.0305460572101943
"mkl",-0.0330464722939273,0.0325041176464663
"cobC",-0.0416945241383583,0.114372708957545
"cysNC",0.552290438623974,-0.36044183977401
"group_1502",-0.203534152189911,-0.0564928732388519
"fabG_5",0.216742509731765,-0.16307400602072
"cydB",-0.0677577684116332,0.125283627902486
"atoC_2",-0.207648270440349,0.0497027523494144
"rpsJ",-0.104800567010502,-0.0126140900905699
"nuoE",-0.0214550824657062,0.0204482888918681
"fdhA",0.118244234052103,0.419060183216951
"fliS_2",-0.111522725507468,0.142854423093763
"hchA",0.0921007079508556,0.0309849658481367
"potA_3",-0.144842413194572,-0.0272195461948238
"lepB",-0.0897131144923606,-0.00698317963532608
"rplP",-0.104800567010502,-0.0126140900905699
"soxG",0.0214689815928701,-0.0143649264505828
"hisI",0.0702505676349695,-0.0607717688420483
"fabG_13",0.216742509731765,-0.16307400602072
"FCS1_2",0.222707076112335,0.0798399573702035
"nrdD",-0.0072661138767662,-0.044717764414669
"paaH_1",0.163782461294181,-0.0462609456634208
"phnN",-0.0103303226902453,0.0271232005668067
"ctaE",-0.0214550824657062,0.0204482888918681
"menF_1",-0.335440945917442,-0.229977010318176
"ssuC_2",0.109643540813706,-0.122578149683216
"oprM_5",-0.18173300631849,-0.127241611347058
"puuA_3",0.131320378879409,0.536680508917755
"czcB",-0.0773705392169209,0.101117838819877
"hyuC",-0.0434075561585241,-0.0277874390272919
"rcsC_11",-0.0773705392169209,0.101117838819877
"metQ_1",-0.0330464722939273,0.0325041176464663
"ndhC_1",-0.0214550824657062,0.0204482888918681
"hisP_2",-0.0330464722939273,0.0325041176464663
"allE",0.0493781825361706,0.00111834392715787
"hisC_3",0.134532906809921,0.0294960038063893
"fabD_1",0.150875894195073,-0.128210974893366
"bauC",0.220328890612759,-0.0759240450990527
"lsrK",-0.196250799041094,-0.0408856920706467
"bvgS_2",-0.0773705392169209,0.101117838819877
"cobB_2",-0.0497285828330928,0.0788601434414101
"group_3396",-0.185052361867128,-0.0648014506096796
"occP",-0.0330464722939273,0.0325041176464663
"rsgA",-0.0211990469925199,-0.0451535565462568
"btuD_1",0.304406574062916,-0.134537309758008
"phnC_2",-0.0330464722939273,0.0325041176464663
"group_4586",-0.0121518777779926,-0.0213604653350112
"lysA",0.177819793936285,-0.027985343884382
"hpt",0.0354201609830147,-0.0384315249328087
"ydcV_3",-0.185052361867128,-0.0648014506096796
"wbpI",-0.00552405027446037,0.0111473401741286
"aroH_1",-0.0337461341963526,-0.107114501461915
"tyrB",0.0833492982949005,-0.0181110937043889
"rcsC_1",-0.0773705392169209,0.101117838819877
"mutM",-0.0420099555301116,-0.0466585190843834
"flgC",-0.111522725507468,0.142854423093763
"todT",-0.0773705392169209,0.101117838819877
"ssuA_1",0.109643540813706,-0.122578149683216
"glyA_1",0.320645927746052,-0.0765892519982748
"phnW",-0.0837627796008885,-0.04712419897162
"pncA",-0.0391019119657283,-0.039230065706876
"phnX_2",-0.0837627796008885,-0.04712419897162
"dsbA",-0.0958057550136153,-0.122601545823705
"group_2839",0.0556820805068401,-0.12955546636743
"btuD_5",-0.0330464722939273,0.0325041176464663
"ansB",0.171223540699989,0.319564388065546
"gshA_1",0.0183905651786486,-0.0852318796327494
"lldD_1",0.0477961144254489,0.00921879634286061
"narY",-0.0201045780105659,0.331690462064785
"kdsC",0.00544968864870171,-0.0299717884820155
"atpG",-0.0214550824657062,0.0204482888918681
"acpH",-0.0217569236233066,0.000811274259086583
"hisZ",0.0702505676349695,-0.0607717688420483
"sspA_1",0.0438145358275735,-0.0126321448050802
"eutC",-0.0271145015371994,-0.0210747291294747
"ctaB",-0.0017351813608199,0.120754798685464
"pdxJ",0.00339176761892292,0.0583209861036404
"rpsF",-0.104800567010502,-0.0126140900905699
"group_7956",-0.266419279407231,-0.0996277335754136
"group_11770",0.0386500865609067,-0.044470176455396
"motA",-0.161566283626115,0.318503455230229
"phzF_2",-0.335440945917442,-0.229977010318176
"fadB_3",0.634888097157385,-0.084040881676455
"ftsI",0.0305950667026581,-0.0782855128301426
"cysH",0.155926753362046,-0.137033598015148
"lldD_2",0.0477961144254489,0.00921879634286061
"phoD",-0.0297232924638855,0.0517010097670219
"purH",0.0849113181963358,-0.129838581820794
"hisE",0.0702505676349695,-0.0607717688420483
"sthA",-0.0391019119657283,-0.039230065706876
"fadA_2",0.189136886536033,0.0110665393505394
"xseA_1",-0.0467503515741452,-0.0477272559674867
"prpF",0.0653759230774122,-0.00598627292648932
"metK",0.0190669591199495,-0.108378866352827
"plsB",0.0222945773571456,0.0335300945038463
"group_11287",-0.0773705392169209,0.101117838819877
"dgkA",0.0222945773571456,0.0335300945038463
"lipB",0.0474080264828607,-0.0307599920825821
"group_11967",-0.0838830918338479,0.113012422379897
"arnA",-0.0280733843215923,-0.106376418881187
"maeA",0.0609611656668265,0.106504397145875
"aroH_3",-0.0337461341963526,-0.107114501461915
"rplJ",-0.104800567010502,-0.0126140900905699
"metN_2",-0.0330464722939273,0.0325041176464663
"algL",-0.0376669360935195,0.0260953289076931
"clpV1_3",-0.268444376204137,-0.0894137633376493
"rcsC_10",-0.0773705392169209,0.101117838819877
"macB_2",-0.0330464722939273,0.0325041176464663
"recF_3",-0.0824512513915404,-0.0758737804402643
"trpF",0.078049806704292,-0.0473908376206242
"yeaD_2",0.077745904039737,0.0513887342176596
"proB",0.0924965848790879,-0.0951301295657281
"napB",-0.0159904597601285,0.225494836476519
"invA",-0.138166644980709,-0.0379986768671866
"nrdB",-0.0072661138767662,-0.044717764414669
"cheR",-0.12329997908513,0.170571245368077
"mcpP",-0.12329997908513,0.170571245368077
"phnX_1",-0.0837627796008885,-0.04712419897162
"group_4630",-0.138166644980709,-0.0379986768671866
"pxpA3_2",0.0438145358275735,-0.0126321448050802
"btuF_1",-0.0330464722939273,0.0325041176464663
"impA",-0.203534152189911,-0.0564928732388519
"msuD_1",0.111622159836639,-0.158799767520424
"catJ",0.0610426612146184,0.0138942226763429
"ppa",-0.0636436501611957,0.0190880023142199
"acs_2",0.462055761530874,0.0956368078135784
"thiC",-0.0211990469925199,-0.0451535565462568
"purK",0.0354201609830147,-0.0384315249328087
"cynS",-0.0602950532855351,0.203728666971243
"group_4049",-0.0773705392169209,0.101117838819877
"gcvP_1",0.18715051980792,-0.00186753855492349
"cyaA",0.00507358901076399,-0.0206478255781182
"hldE",0.00544968864870171,-0.0299717884820155
"rcsC_6",-0.0773705392169209,0.101117838819877
"potA_6",-0.144842413194572,-0.0272195461948238
"group_221",-0.268444376204137,-0.0894137633376493
"group_5401",-0.319444211340993,-0.0100209114918758
"recF_2",-0.0824512513915404,-0.0758737804402643
"oprD_5",-0.0740511836682832,0.0386776780824982
"dctA2",-0.0773705392169209,0.101117838819877
"pgl_1",0.123788579994717,0.0235559325097887
"cdsA",0.00323207043505129,-0.0388584284841652
"tpiA",0.166218007641598,0.0404395529677636
"apaH_3",0.00507358901076399,-0.0206478255781182
"yrfG",0.0150463994007501,-0.0980140292854946
"folM",0.023881982999873,-0.14590167270923
"ssuD_1",0.111622159836639,-0.158799767520424
"thiE_1",-0.0211990469925199,-0.0451535565462568
"creC",-0.0773705392169209,0.101117838819877
"spoT",0.00507358901076399,-0.0206478255781182
"rpaR",-0.185052361867128,-0.0648014506096796
"mexB",-0.0924863994649776,-0.185041706561083
"pfeA_1",-0.0773705392169209,0.101117838819877
"ruvB",-0.0824512513915404,-0.0758737804402643
"kefF",0.0386500865609067,-0.044470176455396
"group_12198",-0.0289518274410768,0.0166883827368867
"group_12412",-0.203534152189911,-0.0564928732388519
"purN_1",0.0849113181963358,-0.129838581820794
"guaB",0.0354201609830147,-0.0384315249328087
"lepB_1",-0.0897131144923606,-0.00698317963532608
"cobO",-0.0416945241383583,0.114372708957545
"phaC_2",0.0376938509014528,-0.0474961977756925
"group_788",0.216742509731765,-0.16307400602072
"rpe",0.0038178452922334,-0.0278901913498426
"polA",0.0160177705108557,-0.215827390365037
"lpxB",0.00544968864870171,-0.0299717884820155
"nosF",-0.0330464722939273,0.0325041176464663
"barA_1",-0.207648270440349,0.0497027523494144
"puuB_11",-0.0121518777779926,-0.0213604653350112
"ccmA",-0.0330464722939273,0.0325041176464663
"pdhC",0.268330773313375,0.0144770992241987
"pdhB",0.268330773313375,0.0144770992241987
"paoB",0.0493781825361706,0.00111834392715787
"cheD",-0.119185860834693,0.0643756197798105
"ffh",-0.266419279407231,-0.0996277335754136
"spaR",-0.138166644980709,-0.0379986768671866
"gpx1",-0.0309439417071448,-0.125674043040414
"ftsE",-0.0330464722939273,0.0325041176464663
"clpV1_2",-0.268444376204137,-0.0894137633376493
"yscL",-0.138166644980709,-0.0379986768671866
"group_10105",-0.203534152189911,-0.0564928732388519
"astA",-0.0121518777779926,-0.0213604653350112
"group_9559",-0.025609174213448,-0.0544946158212443
"rpmG",-0.104800567010502,-0.0126140900905699
"rpsU",-0.104800567010502,-0.0126140900905699
"fabA",0.120529322222822,-0.110427275538676
"azoR_2",0.0386500865609067,-0.044470176455396
"group_12383",-0.138166644980709,-0.0379986768671866
"ccmB",-0.0330464722939273,0.0325041176464663
"speD",-0.0375758484269175,-0.0939602001626804
"dctP_2",-0.0773705392169209,0.101117838819877
"fabZ",0.186395937759515,-0.145290306666029
"argE_1",0.169427342910616,0.0830970096717196
"group_2648",-0.315330093090556,-0.116216537080142
"mftC",-0.0113479521661076,0.0965890096028545
"nuoN",-0.0214550824657062,0.0204482888918681
"aroE_2",0.078049806704292,-0.0473908376206242
"dat",0.20529327058884,-0.0181372068776007
"kdpE",-0.189166480117566,0.0413941749785868
"cobP",-0.0416945241383583,0.114372708957545
"mhbM",-0.223645005016797,-0.170253346476886
"group_12676",-0.0139889727368735,0.374236241237472
"fecR_5",-0.0773705392169209,0.101117838819877
"cheZ",-0.119185860834693,0.0643756197798105
"ompR_4",-0.0773705392169209,0.101117838819877
"tyrS_2",-0.052033322820609,-0.0194093176400557
"algD",-0.0162372513474235,0.147155794860829
"ccoP2",-0.0255692007161436,0.126643914480134
"kdgK",0.0339742708351613,0.0488893700720828
"group_2038",-0.207648270440349,0.0497027523494144
"nuoG",-0.0214550824657062,0.0204482888918681
"lysC",0.482244312056987,-0.180405599472563
"atpH_1",-0.0214550824657062,0.0204482888918681
"group_10892",0.119450541282158,0.0380957954177978
"lemA_1",-0.207648270440349,0.0497027523494144
"yejF_1",-0.0330464722939273,0.0325041176464663
"ilvA_1",0.258143179871059,-0.032992741049782
"aroF_2",-0.0337461341963526,-0.107114501461915
"amiC_4",-0.144842413194572,-0.0272195461948238
"kdsD",0.00544968864870171,-0.0299717884820155
"group_10798",0.0386500865609067,-0.044470176455396
"ruvC",-0.0824512513915404,-0.0758737804402643
"fecR_7",-0.0773705392169209,0.101117838819877
"group_2162",-0.0699370654178457,-0.0675179475057681
"puuB_9",-0.0121518777779926,-0.0213604653350112
"antA",0.0199934036403837,-0.0050982833469074
"group_10072",-0.203534152189911,-0.0564928732388519
"yejE_2",-0.0330464722939273,0.0325041176464663
"group_9746",-0.268444376204137,-0.0894137633376493
"epsM",-0.138166644980709,-0.0379986768671866
"rpoB",-0.121614101750806,0.0242880538610968
"recC",-0.0824512513915404,-0.0758737804402643
"catC",-0.0139889727368735,0.374236241237472
"fadB_2",0.634888097157385,-0.084040881676455
"atpD",-0.0214550824657062,0.0204482888918681
"group_10103",0.11454113447883,0.0601008855200627
"ywiE_1",-0.0271145015371994,-0.0210747291294747
"vgrG1_3",-0.138166644980709,-0.0379986768671866
"ispD_2",-0.0166022418910297,-0.0523690058570346
"hcaC",-0.0159904597601285,0.225494836476519
"qseB_2",-0.189166480117566,0.0413941749785868
"recR",-0.0824512513915404,-0.0758737804402643
"arnD",-0.0280733843215923,-0.106376418881187
"sbnA",0.265529302940294,-0.249244702384836
"group_220",-0.268444376204137,-0.0894137633376493
"spuC_2",-0.0121518777779926,-0.0213604653350112
"ureA",0.16575356198997,0.14737298554295
"nuoF",-0.0214550824657062,0.0204482888918681
"mtnB",-0.0564918239199188,-0.0763172350184103
"cobM",-0.0416945241383583,0.114372708957545
"group_9581",-0.0543582943167162,-0.0771745246431596
"group_12239",-0.0053082154048987,-0.0287101375076321
"phzD2_1",-0.335440945917442,-0.229977010318176
"fecR_2",-0.0773705392169209,0.101117838819877
"pscF",-0.138166644980709,-0.0379986768671866
"mmsB",0.0162381997076883,-0.0113780706551574
"aruI_2",-0.0121518777779926,-0.0213604653350112
"livH_2",-0.144842413194572,-0.0272195461948238
"rne",-0.0215034269895335,-0.0321858316703905
"hcnB_1",-0.0799009823704452,-0.0156035561740634
"group_7441",-0.0214550824657062,0.0204482888918681
"pcaF_1",-0.0320618971176233,0.0404755245002053
"copR",-0.0773705392169209,0.101117838819877
"group_7086",0.304406574062916,-0.134537309758008
"group_12220",-0.0121518777779926,-0.0213604653350112
"mraY_1",0.193494868803653,-0.019821417112068
"oprD_7",-0.0740511836682832,0.0386776780824982
"group_1296",-0.203534152189911,-0.0564928732388519
"mmgC_6",0.11454113447883,0.0601008855200627
"rplM",-0.104800567010502,-0.0126140900905699
"phoP",-0.0999198732640528,-0.0164059202354385
"plsY",0.0222945773571456,0.0335300945038463
"rhlA_2",-0.315330093090556,-0.116216537080142
"mshA_3",-0.203534152189911,-0.0564928732388519
"fecR_3",-0.0773705392169209,0.101117838819877
"ilvI",0.442257645987429,-0.0683104074856961
"mrdA_1",0.0305950667026581,-0.0782855128301426
"dapB",0.360823963439103,-0.0858979204324844
"rplI",-0.104800567010502,-0.0126140900905699
"betB_1",0.0214689815928701,-0.0143649264505828
"hfq",-0.133299367890178,-0.0919094955116808
"hutH_2",-0.0053082154048987,-0.0287101375076321
"mexR",-0.0699370654178457,-0.0675179475057681
"fucA_1",0.00663765743188712,0.0478614984129692
"rplE",-0.104800567010502,-0.0126140900905699
"znuB_2",-0.0330464722939273,0.0325041176464663
"pfeS_2",-0.0773705392169209,0.101117838819877
"group_519",-0.0243693521212962,-0.164858188992536
"rhlE_2",-0.0215034269895335,-0.0321858316703905
"thiI",-0.00616160034274682,-0.100010784652253
"ybgC_2",0.0798446104097668,0.00108313481319859
"group_10856",-0.0699370654178457,-0.0675179475057681
"spuC_1",-0.0121518777779926,-0.0213604653350112
"phoR",-0.0773705392169209,0.101117838819877
"group_12064",-0.138166644980709,-0.0379986768671866
"group_11295",-0.0121518777779926,-0.0213604653350112
"rfaC",0.00544968864870171,-0.0299717884820155
"gloC",0.0477961144254489,0.00921879634286061
"pgpA",-0.0271145015371994,-0.0210747291294747
"cbdA",-0.186269239447408,0.543481504042012
"mnmA",-0.0582189743167103,-0.0599350148743853
"hisA",0.0702505676349695,-0.0607717688420483
"sufS_2",0.115803648234108,-0.134499140659433
"group_3997",-0.203534152189911,-0.0564928732388519
"ssuC_3",0.109643540813706,-0.122578149683216
"arnT_1",-0.0592882130939198,-0.148855834114979
"pheT",-0.052033322820609,-0.0194093176400557
"prpC_3",0.0653759230774122,-0.00598627292648932
"gmhA",0.00544968864870171,-0.0299717884820155
"trpA",0.130586641568156,-0.058038263880466
"dtd",-0.0434075561585241,-0.0277874390272919
"gspD",-0.138166644980709,-0.0379986768671866
"group_9707",-0.203534152189911,-0.0564928732388519
"pcnB",-0.0215034269895335,-0.0321858316703905
"tdcB",0.258143179871059,-0.032992741049782
"aprA_1",-0.0958057550136153,-0.122601545823705
"gltB",0.0994948599803631,0.282315603782256
"pyrC_2",-0.0434075561585241,-0.0277874390272919
"narV",-0.0201045780105659,0.331690462064785
"hcnC_1",-0.0799009823704452,-0.0156035561740634
"gcvT_2",0.236641677021241,-0.0932745954429091
"dgt_1",0.00507358901076399,-0.0206478255781182
"group_1154",-0.138166644980709,-0.0379986768671866
"group_10888",-0.0600769338728912,-0.0494334750555154
"fliS",-0.111522725507468,0.142854423093763
"rpsP",-0.104800567010502,-0.0126140900905699
"psd_2",0.00323207043505129,-0.0388584284841652
"group_12488",-0.0330464722939273,0.0325041176464663
"paaF_2",0.57542035997008,-0.0764911434688516
"hisF_1",0.0702505676349695,-0.0607717688420483
"potB_1",-0.144842413194572,-0.0272195461948238
"glnQ_2",-0.0330464722939273,0.0325041176464663
"lolE_1",-0.0330464722939273,0.0325041176464663
"oprD_8",-0.0740511836682832,0.0386776780824982
"davT",0.129324313567636,0.0443632198173702
"group_1034",-0.0699370654178457,-0.0675179475057681
"birA",0.0347987622656987,-0.0385805313180945
"phzF_1",-0.335440945917442,-0.229977010318176
"fliS_1",-0.111522725507468,0.142854423093763
"petC",-0.0255692007161436,0.126643914480134
"fmt",-0.00254216560728801,-0.110816374528041
"group_10327",-0.0330464722939273,0.0325041176464663
"group_9681",0.152375153857589,0.107119866738761
"murE",0.158488549491514,-0.0284574473796163
"group_3999",-0.203534152189911,-0.0564928732388519
"livF_2",-0.144842413194572,-0.0272195461948238
"rdgB",0.00507358901076399,-0.0206478255781182
"metQ_2",-0.0330464722939273,0.0325041176464663
"fliM",-0.157452165375677,0.212307829641963
"pyrB",-0.0436909681304569,0.0235130551980053
"lolD_1",-0.0330464722939273,0.0325041176464663
"plcN_1",-0.191534625927916,-0.0858978863892561
"czcA_1",-0.0773705392169209,0.101117838819877
"czcS_1",-0.0773705392169209,0.101117838819877
"dctB_1",-0.0773705392169209,0.101117838819877
"ubiD",0.0386500865609067,-0.044470176455396
"glpK_3",-0.0120053463488996,0.0686710227972704
"serA",0.249043271900013,-0.10151039876728
"mmgC_5",0.11454113447883,0.0601008855200627
"ligD",-0.431085893789614,-0.110840724063549
"tusE",-0.0582189743167103,-0.0599350148743853
"glnQ_4",-0.0330464722939273,0.0325041176464663
"adk",0.0452889672614887,-0.0798675812883246
"hisS",-0.052033322820609,-0.0194093176400557
"rho",-0.0215034269895335,-0.0321858316703905
"dsdA",0.0214689815928701,-0.0143649264505828
"bioF",0.0347987622656987,-0.0385805313180945
"fecR_4",-0.0773705392169209,0.101117838819877
"alkB2_2",-0.0609985368104795,0.115589627416181
"moaE",-0.0105717275636749,-0.10935184392724
"traG_3",-0.138166644980709,-0.0379986768671866
"ssuA_3",0.109643540813706,-0.122578149683216
"vfr",-0.319444211340993,-0.0100209114918758
"fabG_12",0.216742509731765,-0.16307400602072
"ssuA_6",0.109643540813706,-0.122578149683216
"arnF",-0.0958057550136153,-0.122601545823705
"dsrF",-0.0582189743167103,-0.0599350148743853
"group_1212",-0.144566629750769,0.299226183776498
"uao",0.00507358901076399,-0.0206478255781182
"bioC",0.0347987622656987,-0.0385805313180945
"group_10421",-0.28334563949554,-0.131072725967944
"group_9998",-0.245914574981333,0.197634962211566
"aam_1",0.0793725011584598,0.0404775908918214
"waaA",0.00544968864870171,-0.0299717884820155
"rplC",-0.104800567010502,-0.0126140900905699
"group_10375",-0.0330464722939273,0.0325041176464663
"creB",-0.0773705392169209,0.101117838819877
"pxpC_3",0.0438145358275735,-0.0126321448050802
"group_2425",0.0339742708351613,0.0488893700720828
"motB",-0.157452165375677,0.212307829641963
"nadB",-0.0393853239376612,0.0120704285184212
"apaH_2",0.00507358901076399,-0.0206478255781182
"pomA",-0.161566283626115,0.318503455230229
"fruA",0.0535976005104957,0.0891512311689007
"accA_2",0.429955968952633,-0.10332701979784
"FCS1_1",0.222707076112335,0.0798399573702035
"gatC",-0.00984475512511951,-0.0180490310624074
"glnA_2",0.131320378879409,0.536680508917755
"rkpK_1",0.0402822544076986,-0.108527701829727
"thrH",0.274467242548938,-0.0289106639396109
"mlaD",-0.0330464722939273,0.0325041176464663
"proS_1",-0.052033322820609,-0.0194093176400557
"ssuC_4",0.109643540813706,-0.122578149683216
"alc",0.0493781825361706,0.00111834392715787
"group_10405",-0.069303069232689,-0.0224350157071229
"purM",0.0354201609830147,-0.0384315249328087
"glmS_1",-0.00580746224639322,0.0624478343994259
"gmhB",0.00544968864870171,-0.0299717884820155
"pqsE",-0.507907244836359,-0.282752383366287
"cheR2",-0.0773705392169209,0.101117838819877
"rpsE",-0.104800567010502,-0.0126140900905699
"eda_2",0.16930923707796,0.0791704573224326
"gcvH_2",0.18715051980792,-0.00186753855492349
"phnD1",-0.0330464722939273,0.0325041176464663
"rfaP_2",0.00544968864870171,-0.0299717884820155
"group_9818",-0.185052361867128,-0.0648014506096796
"dctD_3",-0.0773705392169209,0.101117838819877
"lspA",-0.0897131144923606,-0.00698317963532608
"cynT_1",-0.0602950532855351,0.203728666971243
"hisQ_1",-0.0330464722939273,0.0325041176464663
"nosZ",-0.0159904597601285,0.225494836476519
"bauA_2",0.17046991525599,-0.0494399667304481
"glyA_2",0.320645927746052,-0.0765892519982748
"allA",0.00507358901076399,-0.0206478255781182
"rhlB",-0.315330093090556,-0.116216537080142
"crp",-0.319444211340993,-0.0100209114918758
"ahcY",-0.0564918239199188,-0.0763172350184103
"spuE_4",-0.0330464722939273,0.0325041176464663
"group_8013",-0.0773705392169209,0.101117838819877
"argE_2",0.169427342910616,0.0830970096717196
"phnC_1",-0.0330464722939273,0.0325041176464663
"occM_2",-0.0330464722939273,0.0325041176464663
"bioH",0.0347987622656987,-0.0385805313180945
"fecI_3",-0.0773705392169209,0.101117838819877
"frmA",0.131173254925349,1.57147596342361
"potA_1",-0.144842413194572,-0.0272195461948238
"nicB_1",0.00520268155967829,-0.0174638962016
"pyrD",-0.0434075561585241,-0.0277874390272919
"group_11691",0.0556820805068401,-0.12955546636743
"hisP_1",-0.0330464722939273,0.0325041176464663
"hisB",0.0702505676349695,-0.0607717688420483
"ssuE",0.132073977359029,-0.164265085366607
"livF_3",-0.144842413194572,-0.0272195461948238
"group_10264",0.109643540813706,-0.122578149683216
"pepN",0.0438145358275735,-0.0126321448050802
"ctaG",-0.0214550824657062,0.0204482888918681
"czcR_2",-0.0773705392169209,0.101117838819877
"group_9682",-0.203534152189911,-0.0564928732388519
"group_2953",-0.268444376204137,-0.0894137633376493
"spuD_1",-0.0330464722939273,0.0325041176464663
"potD_2",-0.0330464722939273,0.0325041176464663
"rpsI",-0.104800567010502,-0.0126140900905699
"tal",0.169000791062334,0.00927800053006303
"pcaB_1",-0.0139889727368735,0.374236241237472
"rpsT",-0.104800567010502,-0.0126140900905699
"cysD",0.552290438623974,-0.36044183977401
"rhmD",0.00663765743188712,0.0478614984129692
"recC_1",-0.0824512513915404,-0.0758737804402643
"tesB",-0.0543582943167162,-0.0771745246431596
"group_2412",-0.0330464722939273,0.0325041176464663
"serB2",0.274467242548938,-0.0289106639396109
"tauD_2",0.151311056804761,0.0295046363780226
"thrC",0.175791979048062,0.0373780980146584
"rplX",-0.104800567010502,-0.0126140900905699
"hudA",0.0386500865609067,-0.044470176455396
"mfd",-0.0376096943783651,-0.0571157250239935
"sir_3",0.155926753362046,-0.137033598015148
"folE_2",-0.025609174213448,-0.0544946158212443
"pccB",-0.0297303619006405,-0.0672171744102061
"hpcH",0.00770182195046881,0.176358175883491
"potA_2",-0.144842413194572,-0.0272195461948238
"suhB",-0.05792757590006,-0.0993036855054381
"rpsD",-0.104800567010502,-0.0126140900905699
"gloB_2",0.0477961144254489,0.00921879634286061
"meh",0.0504824989779752,-0.0080821765840564
"ssuD_3",0.111622159836639,-0.158799767520424
"gabD",0.115755336568957,0.167160160870191
"paaI",-0.00564150391443034,-0.0404858211394604
"nudC_2",-0.0391019119657283,-0.039230065706876
"fliR",-0.111522725507468,0.142854423093763
"group_11884",0.0438145358275735,-0.0126321448050802
"group_10963",0.0386500865609067,-0.044470176455396
"mmgC_2",0.441306884912289,-0.00752327684250697
"ligA",0.0517186703282509,-0.18768086589226
"yidC",-0.266419279407231,-0.0996277335754136
"cysG_1",0.032956641359299,0.118355179108131
"narX",-0.0773705392169209,0.101117838819877
"pgsA",-0.0271145015371994,-0.0210747291294747
"glpK_1",-0.0120053463488996,0.0686710227972704
"kdsB",0.00544968864870171,-0.0299717884820155
"cysW",0.109643540813706,-0.122578149683216
"group_11036",0.0736150805386185,-0.135859427237082
"phaA_1",0.189136886536033,0.0110665393505394
"rfaG",0.00544968864870171,-0.0299717884820155
"pncC_2",-0.0812904796612179,-0.0405903522845243
"folD",0.122195634655038,-0.080908125781054
"codA",-0.0244915806655228,-0.045430404171562
"rmlC",-0.182667437058056,-0.191684082299575
"kdpA_1",-0.0773705392169209,0.101117838819877
"aroF_1",-0.0337461341963526,-0.107114501461915
"lasI",-0.298565496043991,-0.187455985330163
"phoQ",-0.0999198732640528,-0.0164059202354385
"group_1213",-0.138166644980709,-0.0379986768671866
"bbsG",0.11454113447883,0.0601008855200627
"adh_2",-0.00449471679403676,-0.0488564843533408
"group_2428",-0.203534152189911,-0.0564928732388519
"coaD",0.0204316440721829,0.00217156083673484
"liuE",0.139281418891786,-0.09663681529769
"lasB",-0.20760169591426,-0.182325209664995
"pxpB_3",0.0438145358275735,-0.0126321448050802
"amiC_2",-0.144842413194572,-0.0272195461948238
"cobQ",-0.0416945241383583,0.114372708957545
"sucC",0.333298342401234,-0.0562164106962817
"purE",0.0354201609830147,-0.0384315249328087
"oppF",-0.0330464722939273,0.0325041176464663
"hemL_1",0.032956641359299,0.118355179108131
"bauA_1",0.17046991525599,-0.0494399667304481
"pntB",-0.0391019119657283,-0.039230065706876
"bdlA_1",-0.12329997908513,0.170571245368077
"group_7183",-0.185052361867128,-0.0648014506096796
"pleD_2",-0.207648270440349,0.0497027523494144
"cobB_1",-0.0497285828330928,0.0788601434414101
"gspH",-0.138166644980709,-0.0379986768671866
"aam_2",0.0793725011584598,0.0404775908918214
"cysC",0.192068195643804,-0.153963923402525
"cpdA_2",-0.125204142212664,-0.0720629120485808
"cydA",-0.0677577684116332,0.125283627902486
"glgB",-0.204165938423838,-0.136970369339312
"rmlD_2",-0.182667437058056,-0.191684082299575
"acsA_2",0.578123518682004,0.0441975397642107
"yecS_3",-0.0330464722939273,0.0325041176464663
"queC_1",-0.025609174213448,-0.0544946158212443
"narG",-0.0201045780105659,0.331690462064785
"fadA_1",0.189136886536033,0.0110665393505394
"pigA",-0.0838830918338479,0.113012422379897
"group_11620",-0.138166644980709,-0.0379986768671866
"sasA_12",-0.0773705392169209,0.101117838819877
"fliD",-0.111522725507468,0.142854423093763
"nicA",0.00520268155967829,-0.0174638962016
"rcsC_2",-0.0773705392169209,0.101117838819877
"group_11327",-0.0330464722939273,0.0325041176464663
"ispA",-0.0166022418910297,-0.0523690058570346
"cobD",-0.0416945241383583,0.114372708957545
"bfr_2",-0.0838830918338479,0.113012422379897
"ccoN1_2",-0.0255692007161436,0.126643914480134
"group_12071",-0.203534152189911,-0.0564928732388519
"fecI_6",-0.0773705392169209,0.101117838819877
"phnH",-0.128067373126295,-0.0688903684768961
"styD",0.0177073063987353,0.0209045993125751
"csrA_3",-0.207648270440349,0.0497027523494144
"bkdB",0.143028548028345,-0.0314305427455962
"plsX",0.0183412256233512,0.0508873234425799
"bdcA",0.216742509731765,-0.16307400602072
"rplB",-0.104800567010502,-0.0126140900905699
"gloA_2",0.0477961144254489,0.00921879634286061
"aroB",0.078049806704292,-0.0473908376206242
"fadA_3",0.189136886536033,0.0110665393505394
"eptC",-0.0367388790467878,-0.0313320750596637
"fadB_1",0.634888097157385,-0.084040881676455
"yopN",-0.138166644980709,-0.0379986768671866
"ugpQ",-0.069303069232689,-0.0224350157071229
"sbp_1",0.109643540813706,-0.122578149683216
"yojI",-0.0330464722939273,0.0325041176464663
"pnp",-0.0215034269895335,-0.0321858316703905
"group_11643",-0.0330464722939273,0.0325041176464663
"prr",0.137549936060019,-0.0165946653067882
"dapA_5",0.360823963439103,-0.0858979204324844
"sdgD",0.00770182195046881,0.176358175883491
"dhbE",0.304406574062916,-0.134537309758008
"group_7185",-0.185052361867128,-0.0648014506096796
"rep_3",-0.0215034269895335,-0.0321858316703905
"dgcN",-0.203534152189911,-0.0564928732388519
"ttuD",0.344922298039658,0.126427317243627
"ubiE",0.0386500865609067,-0.044470176455396
"cysK_2",0.265529302940294,-0.249244702384836
"group_10543",-0.207648270440349,0.0497027523494144
"group_10213",-0.0121518777779926,-0.0213604653350112
"cheB_2",-0.12329997908513,0.170571245368077
"leuB",0.321996444471805,-0.0304207709282204
"fabG_7",0.216742509731765,-0.16307400602072
"rnhB",-0.0416805910885774,-0.0514127261215642
"group_8040",-0.0434075561585241,-0.0277874390272919
"apt",0.00507358901076399,-0.0206478255781182
"ubiH",0.0386500865609067,-0.044470176455396
"acnA",0.370691138329917,-0.0372905860415587
"mdtC_2",-0.0773705392169209,0.101117838819877
"lspA_1",-0.0897131144923606,-0.00698317963532608
"alaA",0.270791608989699,0.155381058839837
"group_2630",-0.0543404454734822,-0.0227207519126595
"mraY",0.193494868803653,-0.019821417112068
"nadD_1",-0.0391019119657283,-0.039230065706876
"gltK",-0.0371605905443647,0.138699743234733
"aspC_1",0.102265273787902,-0.035754058848659
"glpK_2",-0.0120053463488996,0.0686710227972704
"ghrB_1",0.271588874423213,0.0712253664491054
"rplD",-0.104800567010502,-0.0126140900905699
"ddl_1",0.250259464675791,-0.01454028499447
"lpxD_2",0.00544968864870171,-0.0299717884820155
"gltA",0.370691138329917,-0.0372905860415587
"ubiI",0.0386500865609067,-0.044470176455396
"dapD",0.147473221964034,-0.0102016445296914
"recJ",-0.0246987165628304,-0.160103981955356
"group_8015",-0.207648270440349,0.0497027523494144
"puuA_2",0.131320378879409,0.536680508917755
"group_3949",0.123788579994717,0.0235559325097887
"dxs",-0.00673343561255573,-0.0938050622125504
"group_9838",0.0493781825361706,0.00111834392715787
"group_1030",-0.0602950532855351,0.203728666971243
"acnB",0.467134914678323,-0.0395593587773069
"aroK",0.078049806704292,-0.0473908376206242
"group_2569",-0.268444376204137,-0.0894137633376493
"kdpC",-0.0773705392169209,0.101117838819877
"nudC_1",-0.0391019119657283,-0.039230065706876
"glpQ_2",-0.069303069232689,-0.0224350157071229
"group_10357",-0.0072661138767662,-0.044717764414669
"catA",-0.171792342742055,0.655413755699435
"osmX",-0.0330464722939273,0.0325041176464663
"sdiA",-0.315330093090556,-0.116216537080142
"dnaB_1",-0.0416805910885774,-0.0514127261215642
"group_11022",-0.138166644980709,-0.0379986768671866
"carC",0.11454113447883,0.0601008855200627
"pntAA",-0.0391019119657283,-0.039230065706876
"xylB",-0.196250799041094,-0.0408856920706467
"phnA",-0.386947589137834,-0.307281734863831
"xpt",0.0354201609830147,-0.0384315249328087
"eptA_1",-0.0170996453984302,-0.147495547537331
"group_10241",-0.185052361867128,-0.0648014506096796
"apxIB_1",-0.0330464722939273,0.0325041176464663
"group_3477",-0.0773705392169209,0.101117838819877
"group_11610",0.00883793699300123,-0.0271470555481368
"oprD_3",-0.0740511836682832,0.0386776780824982
"group_9535",-0.0255692007161436,0.126643914480134
"ppiA",-0.0958057550136153,-0.122601545823705
"group_12118",-0.0564918239199188,-0.0763172350184103
"group_3395",-0.185052361867128,-0.0648014506096796
"speH",-0.0375758484269175,-0.0939602001626804
"cobK",-0.0416945241383583,0.114372708957545
"bepF_1",-0.185052361867128,-0.0648014506096796
"group_12056",0.0281949456412755,0.0948547085195311
"cyoD",-0.0214550824657062,0.0204482888918681
"guaD_1",0.00507358901076399,-0.0206478255781182
"lpdV",0.624086503553284,0.110886818469594
"rcsB_1",-0.0773705392169209,0.101117838819877
"betB_2",0.0214689815928701,-0.0143649264505828
"hisF",0.0702505676349695,-0.0607717688420483
"rpoN",-0.0773705392169209,0.101117838819877
"rstA",-0.0966005177154151,-0.0788460809728172
"pncB2_1",-0.0391019119657283,-0.039230065706876
"qseC_2",-0.189166480117566,0.0413941749785868
"petA",-0.0255692007161436,0.126643914480134
"purN_2",0.0849113181963358,-0.129838581820794
"group_1224",-0.12329997908513,0.170571245368077
"ureB",0.16575356198997,0.14737298554295
"amiC_1",-0.144842413194572,-0.0272195461948238
"group_11133",0.0705590136505959,0.00912068795032127
"agaA",-0.00552405027446037,0.0111473401741286
"msuD_2",0.111622159836639,-0.158799767520424
"liaS",-0.0773705392169209,0.101117838819877
"osmY_1",-0.0330464722939273,0.0325041176464663
"ltaE_2",0.141332358158145,-0.024660388279723
"pqsH",-0.507907244836359,-0.282752383366287
"coaE",0.0204316440721829,0.00217156083673484
"ssb",-0.0243693521212962,-0.164858188992536
"sbp_2",0.109643540813706,-0.122578149683216
"glmS_2",-0.00580746224639322,0.0624478343994259
"sir_1",0.155926753362046,-0.137033598015148
"cheW_2",-0.12329997908513,0.170571245368077
"murA",0.0950080818460434,0.000379774849754151
"queC",-0.025609174213448,-0.0544946158212443
"uvrA",-0.0376096943783651,-0.0571157250239935
"fecI_10",-0.0773705392169209,0.101117838819877
"ousV",-0.0330464722939273,0.0325041176464663
"acsA_1",0.578123518682004,0.0441975397642107
"hcnC_2",-0.0799009823704452,-0.0156035561740634
"mtgA",0.0272757111540203,-0.0158453520927638
"cyoC",-0.0214550824657062,0.0204482888918681
"ssuB_4",0.109643540813706,-0.122578149683216
"yscN",-0.138166644980709,-0.0379986768671866
"group_1493",-0.138166644980709,-0.0379986768671866
"pncB2_2",-0.0391019119657283,-0.039230065706876
"phzB1",-0.335440945917442,-0.229977010318176
"group_3919",-0.0118906561842458,-0.00802004258778135
"spuE_1",-0.0330464722939273,0.0325041176464663
"metG",0.137026746379982,-0.1488306715311
"oprD_6",-0.0740511836682832,0.0386776780824982
"cyoB",-0.0214550824657062,0.0204482888918681
"ykgO",-0.104800567010502,-0.0126140900905699
"nagZ",-0.00220469472582264,-0.05129282056325
"aguA",-0.0121518777779926,-0.0213604653350112
"hxcR",-0.138166644980709,-0.0379986768671866
"speA",0.235658485224766,-0.18071697116499
"lpxK",0.00544968864870171,-0.0299717884820155
"oprD_1",-0.0740511836682832,0.0386776780824982
"czcS_3",-0.0773705392169209,0.101117838819877
"group_4158",0.0162381997076883,-0.0113780706551574
"pqsB",-0.507907244836359,-0.282752383366287
"sseB",0.145540229362894,-0.264490560948813
"nasA_1",-0.0159904597601285,0.225494836476519
"phoB",-0.0773705392169209,0.101117838819877
"hpaC",0.00403799615811833,0.503293288196927
"psaA",-0.0330464722939273,0.0325041176464663
"yhfP",0.0653759230774122,-0.00598627292648932
"flgG",-0.111522725507468,0.142854423093763
"pqsA",-0.507907244836359,-0.282752383366287
"dctB_2",-0.0773705392169209,0.101117838819877
"pheS",-0.052033322820609,-0.0194093176400557
"tdcG",0.131071531171118,-0.126576030820272
"group_7038",-0.011103624986027,-0.0997651942230909
"fadD_1",0.00883793699300123,-0.0271470555481368
"mmsA_2",0.220328890612759,-0.0759240450990527
"katA",0.170606240824808,0.0691427970898771
"fliE",-0.111522725507468,0.142854423093763
"folP_1",-0.025609174213448,-0.0544946158212443
"ggt_2",0.046512299419483,0.182930189042383
"queE",-0.025609174213448,-0.0544946158212443
"recF_1",-0.0824512513915404,-0.0758737804402643
"rkpK_2",0.0402822544076986,-0.108527701829727
"clsC",-0.0271145015371994,-0.0210747291294747
"accA1_2",0.0162381997076883,-0.0113780706551574
"nemA_2",-0.0755284888816017,0.0445859200760891
"moaB_2",-0.025609174213448,-0.0544946158212443
"proC",0.0634069052618756,-0.0534220966694274
"group_12083",-0.0824512513915404,-0.0758737804402643
"yejB_2",-0.0330464722939273,0.0325041176464663
"fabG_3",0.216742509731765,-0.16307400602072
"xcpX_1",-0.138166644980709,-0.0379986768671866
"malQ",-0.204165938423838,-0.136970369339312
"lsrG_2",-0.185052361867128,-0.0648014506096796
"prsD_1",-0.0330464722939273,0.0325041176464663
"group_11922",-0.111522725507468,0.142854423093763
"group_11220",-0.0636436501611957,0.0190880023142199
"gshB",0.0183905651786486,-0.0852318796327494
"group_11466",-0.0330464722939273,0.0325041176464663
"mazG",0.0361993247716762,-0.0743412689033281
"mexA_1",-0.0924863994649776,-0.185041706561083
"ubiC",0.0386500865609067,-0.044470176455396
"ribBA",0.025189215281192,-0.0777436330221179
"tusA_2",-0.0582189743167103,-0.0599350148743853
"copR_2",-0.0773705392169209,0.101117838819877
"rppH",-0.0215034269895335,-0.0321858316703905
"bepR",-0.0699370654178457,-0.0675179475057681
"mtnD",-0.0564918239199188,-0.0763172350184103
"rnr",-0.0215034269895335,-0.0321858316703905
"mrcA",0.0727836343981476,-0.0769252262524943
"group_10850",0.0456360614219027,-0.0571535886745537
"purD",0.0354201609830147,-0.0384315249328087
"bdhA",0.048449306847261,-0.026836857191457
"group_1989",-0.0214550824657062,0.0204482888918681
"bepE",-0.185052361867128,-0.0648014506096796
"kdsA",0.00544968864870171,-0.0299717884820155
"osmW",-0.0330464722939273,0.0325041176464663
"group_11366",0.0557689052989153,-0.0495058547440069
"group_9294",-0.0773705392169209,0.101117838819877
"pntA",-0.0391019119657283,-0.039230065706876
"cbiO",-0.0330464722939273,0.0325041176464663
"holB",-0.0243693521212962,-0.164858188992536
"ydaP",0.0477961144254489,0.00921879634286061
"yejB_1",-0.0330464722939273,0.0325041176464663
"amgK",-0.00552405027446037,0.0111473401741286
"dapA_4",0.360823963439103,-0.0858979204324844
"soxA",0.0214689815928701,-0.0143649264505828
"leuB_1",0.321996444471805,-0.0304207709282204
"acdA_2",0.441306884912289,-0.00752327684250697
"group_3936",-0.0773705392169209,0.101117838819877
"alaS_1",-0.052033322820609,-0.0194093176400557
"amn",0.00507358901076399,-0.0206478255781182
"rplK",-0.104800567010502,-0.0126140900905699
"group_12122",-0.207648270440349,0.0497027523494144
"group_9806",-0.0773705392169209,0.101117838819877
"murU",-0.00552405027446037,0.0111473401741286
"panB_1",0.0507782160444337,-0.0156121385179557
"rpsL",-0.104800567010502,-0.0126140900905699
"thiD",-0.0211990469925199,-0.0451535565462568
"uvrB",-0.0376096943783651,-0.0571157250239935
"lacC",0.00929300698508908,0.0673850616636246
"thyA",0.00608360105479695,-0.119194495915277
"pdxH",0.0476963611443296,0.0800871556089163
"ldhA_1",0.0921007079508556,0.0309849658481367
"pxpA",0.0438145358275735,-0.0126321448050802
"ompR_1",-0.0773705392169209,0.101117838819877
"melD",-0.0330464722939273,0.0325041176464663
"group_10666",-0.138166644980709,-0.0379986768671866
"algA_1",-0.112054292348163,-0.0282386165525903
"group_2917",-0.0330464722939273,0.0325041176464663
"rpmA",-0.104800567010502,-0.0126140900905699
"pal_2",-0.111522725507468,0.142854423093763
"gcl",0.0447993757845007,0.0341133252672123
"moeA_2",-0.025609174213448,-0.0544946158212443
"rpmJ",-0.104800567010502,-0.0126140900905699
"dsrE",-0.0582189743167103,-0.0599350148743853
"moaA_1",-0.0105717275636749,-0.10935184392724
"soxD",0.0214689815928701,-0.0143649264505828
"folX",-0.0677977419089376,-0.0558549023988926
"thrB",0.141332358158145,-0.024660388279723
"xcpT_3",-0.138166644980709,-0.0379986768671866
"puuC_3",-0.0121518777779926,-0.0213604653350112
"fadH_2",-0.0600769338728912,-0.0494334750555154
"cysT",0.109643540813706,-0.122578149683216
"group_9849",-0.185052361867128,-0.0648014506096796
"gpsA",-0.0389564972604383,-0.0402187150618134
"ispG",-0.0166022418910297,-0.0523690058570346
"phnG",-0.128067373126295,-0.0688903684768961
"potH",-0.0330464722939273,0.0325041176464663
"sbcB",-0.0467503515741452,-0.0477272559674867
"ampR",-0.0699370654178457,-0.0675179475057681
"ptsN",-0.0262964778878749,0.0362119459875422
"lhgD_1",-0.0389564972604383,-0.0402187150618134
"group_10126",-0.12329997908513,0.170571245368077
"yscQ",-0.138166644980709,-0.0379986768671866
"livJ",-0.144842413194572,-0.0272195461948238
"murC",0.215177702331817,0.0389477431328532
"adh_3",-0.00449471679403676,-0.0488564843533408
"group_1169",-0.203534152189911,-0.0564928732388519
"caiA",0.11454113447883,0.0601008855200627
"rplQ",-0.104800567010502,-0.0126140900905699
"pyrG_2",-0.0434075561585241,-0.0277874390272919
"spaP",-0.138166644980709,-0.0379986768671866
"group_10041",-0.0139889727368735,0.374236241237472
"hisK",0.0702505676349695,-0.0607717688420483
"recB",-0.0824512513915404,-0.0758737804402643
"potB_3",-0.144842413194572,-0.0272195461948238
"acpP_2",-0.000721281298743141,-0.0215011995454317
"vgrG1_2",-0.138166644980709,-0.0379986768671866
"group_2584",-0.0582189743167103,-0.0599350148743853
"cyoE",-0.0017351813608199,0.120754798685464
"bkdA2",0.143028548028345,-0.0314305427455962
"dacC",0.0694642788495099,-0.0144850655151156
"aspA",0.233884769528368,0.0146538291916808
"dapL",0.147473221964034,-0.0102016445296914
"gdhB",0.0962325216703462,0.596596680327356
"group_12582",-0.0420099555301116,-0.0466585190843834
"pchB",0.334753146035166,-0.152321009112698
"group_10694",-0.0564918239199188,-0.0763172350184103
"rfbD",-0.182667437058056,-0.191684082299575
"pucB",-0.0677977419089376,-0.0558549023988926
"dppA_4",-0.0789759121621365,0.101957524194666
"phnE_2",-0.0330464722939273,0.0325041176464663
"ppc",0.225235592341649,0.0267346901882488
"glnQ_3",-0.0330464722939273,0.0325041176464663
"alkJ_1",0.0214689815928701,-0.0143649264505828
"wspC_1",-0.0773705392169209,0.101117838819877
"group_11115",-0.0147301539990421,0.0970128075513421
"fecI_4",-0.0773705392169209,0.101117838819877
"pimC",-0.0310678532709939,-0.00371750019074107
"rcsB_3",-0.0773705392169209,0.101117838819877
"pcaF_2",-0.0320618971176233,0.0404755245002053
"lptA",0.0222945773571456,0.0335300945038463
"tauB",0.109643540813706,-0.122578149683216
"apaH_1",0.00507358901076399,-0.0206478255781182
"wbpD",-0.00552405027446037,0.0111473401741286
"psd",0.00323207043505129,-0.0388584284841652
"czcS_2",-0.0773705392169209,0.101117838819877
"rbsC",-0.0330464722939273,0.0325041176464663
"ddl_2",0.250259464675791,-0.01454028499447
"fabI_1",0.216742509731765,-0.16307400602072
"acdS",-0.0564918239199188,-0.0763172350184103
"hpaB_2",-0.0164138213642709,0.50875860604311
"hisM",-0.0330464722939273,0.0325041176464663
"gatA",-0.00984475512511951,-0.0180490310624074
"group_2931",-0.0330464722939273,0.0325041176464663
"aspS",-0.052033322820609,-0.0194093176400557
"rcsC_9",-0.0773705392169209,0.101117838819877
"yecS_2",-0.0330464722939273,0.0325041176464663
"pxpA3_1",0.0438145358275735,-0.0126321448050802
"sdhD",0.233678688781593,-0.0691958700695605
"vgrG1_1",-0.138166644980709,-0.0379986768671866
"cheB1",-0.12329997908513,0.170571245368077
"ilvA_2",0.258143179871059,-0.032992741049782
"dht",0.0658798803845481,-0.0576915013393584
"pabB",-0.0677977419089376,-0.0558549023988926
"potD_1",-0.0330464722939273,0.0325041176464663
"panC",0.108566155244329,-0.0514052618574982
"flgF",-0.111522725507468,0.142854423093763
"pknD_1",-0.268444376204137,-0.0894137633376493
"rplS",-0.104800567010502,-0.0126140900905699
"oprM_2",-0.18173300631849,-0.127241611347058
"spuC_3",-0.0121518777779926,-0.0213604653350112
"aprA_2",-0.0958057550136153,-0.122601545823705
"wbgU",-0.070805117172684,0.00528501559960955
"oprD_2",-0.0740511836682832,0.0386776780824982
"mcpU_2",-0.12329997908513,0.170571245368077
"glk",-0.153565812570525,-0.121495803792479
"group_12377",-0.0330464722939273,0.0325041176464663
"scoB",0.0957553598259432,-0.0344974276558734
"oprM_6",-0.18173300631849,-0.127241611347058
"aruI_1",0.46117362148043,-0.0859533726299662
"cobH",-0.0416945241383583,0.114372708957545
"anoI",-0.302679614294428,-0.0812603597418968
"puuA_4",0.131320378879409,0.536680508917755
"trpG",-0.386947589137834,-0.307281734863831
"lutA",0.119450541282158,0.0380957954177978
"gloA_3",0.0477961144254489,0.00921879634286061
"dinG_1",-0.0376096943783651,-0.0571157250239935
"cheV",-0.12329997908513,0.170571245368077
"glgE2",-0.234512510396089,-0.119186669984622
"katE",0.170606240824808,0.0691427970898771
"spaQ",-0.138166644980709,-0.0379986768671866
"group_10606",0.0493781825361706,0.00111834392715787
"moeA",-0.025609174213448,-0.0544946158212443
"ywrD",0.046512299419483,0.182930189042383
"cysS",-0.052033322820609,-0.0194093176400557
"xcpT_1",-0.138166644980709,-0.0379986768671866
"group_12146",-0.0330464722939273,0.0325041176464663
"rcsC_12",-0.0773705392169209,0.101117838819877
"sdaB",0.131071531171118,-0.126576030820272
"fliC",-0.115636843757905,0.249050048682029
"phhA",0.0785882631461507,-0.117152574845156
"aguA_2",-0.0121518777779926,-0.0213604653350112
"trpD_1",0.078049806704292,-0.0473908376206242
"ssuD_2",0.111622159836639,-0.158799767520424
"group_575",-0.0243693521212962,-0.164858188992536
"gshA",0.0183905651786486,-0.0852318796327494
"preA",0.0658798803845481,-0.0576915013393584
"secY",-0.266419279407231,-0.0996277335754136
"glmM_1",-0.00552405027446037,0.0111473401741286
"rfbA",-0.364305705624172,-0.3422909322364
"pcaH",-0.0139889727368735,0.374236241237472
"dppC",-0.0330464722939273,0.0325041176464663
"selA",0.137026746379982,-0.1488306715311
"atpH_2",-0.0214550824657062,0.0204482888918681
"catD_2",-0.0139889727368735,0.374236241237472
"rmd",-0.0543117007924756,0.0395998826949146
"cat1",0.302929885672748,-0.080425362618568
"ctaD",-0.0214550824657062,0.0204482888918681
"tylN",-0.315330093090556,-0.116216537080142
"gloA_1",0.0477961144254489,0.00921879634286061
"argG",0.0748364465357374,0.145658021849585
"fabY",0.120529322222822,-0.110427275538676
"atpA",-0.0214550824657062,0.0204482888918681
"hisC_1",0.134532906809921,0.0294960038063893
"puuA_1",0.131320378879409,0.536680508917755
"rbsB",-0.0789759121621365,0.101957524194666
"hisH",0.0702505676349695,-0.0607717688420483
"amiE",0.0793725011584598,0.0404775908918214
"cobI",-0.0416945241383583,0.114372708957545
"gltI_1",-0.0371605905443647,0.138699743234733
"thlA_2",0.609502286884332,0.277966933360256
"panE",0.0507782160444337,-0.0156121385179557
"cbbA",0.270231447256371,0.0935140564340279
"dauA",-0.0986425335617113,-0.0460643377478258
"dapA_2",0.360823963439103,-0.0858979204324844
"group_3491",0.304406574062916,-0.134537309758008
"prpB",0.0653759230774122,-0.00598627292648932
"ousX",-0.0330464722939273,0.0325041176464663
"argD",0.321672182571028,0.0732478321682249
"algB",-0.0773705392169209,0.101117838819877
"exoA",-0.0420099555301116,-0.0466585190843834
"pyrE",-0.0434075561585241,-0.0277874390272919
"trpB",0.130586641568156,-0.058038263880466
"ackA_1",0.403556833353667,0.214130607928595
"hemL_2",0.032956641359299,0.118355179108131
"xcpX_2",-0.138166644980709,-0.0379986768671866
"group_2833",0.0477961144254489,0.00921879634286061
"lptB_1",-0.144842413194572,-0.0272195461948238
"ssuB_2",0.109643540813706,-0.122578149683216
"aer",-0.12329997908513,0.170571245368077
"group_7990",-0.0371605905443647,0.138699743234733
"pctB",-0.12329997908513,0.170571245368077
"adiA",-0.0121518777779926,-0.0213604653350112
"group_12562",0.0386630896109763,-0.0187196516341844
"lpxT",-0.0367388790467878,-0.0313320750596637
"gtaB",-0.409086148095628,-0.165136045428867
"pilA",-0.0773705392169209,0.101117838819877
"glnQ_1",-0.0330464722939273,0.0325041176464663
"pchA_2",1.06461821621531,0.390257265792033
"group_11763",-0.0330464722939273,0.0325041176464663
"argB",0.169427342910616,0.0830970096717196
"ku",-0.431085893789614,-0.110840724063549
"group_3632",0.216742509731765,-0.16307400602072
"alsS",0.442257645987429,-0.0683104074856961
"proX",-0.0330464722939273,0.0325041176464663
"menB_1",0.0162381997076883,-0.0113780706551574
"accD",0.429955968952633,-0.10332701979784
"mqo_3",0.234168181500301,-0.0366466650336164
"modA",-0.0330464722939273,0.0325041176464663
"desA3",-0.0310678532709939,-0.00371750019074107
"potB",-0.144842413194572,-0.0272195461948238
"argH",0.0748364465357374,0.145658021849585
"uctC",0.0504824989779752,-0.0080821765840564
"dctD_2",-0.0773705392169209,0.101117838819877
"gbuA",-0.0121518777779926,-0.0213604653350112
"thlA_1",0.609502286884332,0.277966933360256
"bchI",-0.0113479521661076,0.0965890096028545
"betA_1",0.0214689815928701,-0.0143649264505828
"lspA_3",-0.0897131144923606,-0.00698317963532608
"ctpH",-0.12329997908513,0.170571245368077
"nadA",-0.0391019119657283,-0.039230065706876
"puuB_5",-0.0121518777779926,-0.0213604653350112
"csrA_1",-0.207648270440349,0.0497027523494144
"purB_1",0.0351367490110819,0.0128689692924884
"acs_1",0.462055761530874,0.0956368078135784
"aruC",-0.0121518777779926,-0.0213604653350112
"znuC_2",-0.0330464722939273,0.0325041176464663
"epd_2",0.00339176761892292,0.0583209861036404
"dnaN",-0.0243693521212962,-0.164858188992536
"ccmC",-0.0330464722939273,0.0325041176464663
"malK",-0.0330464722939273,0.0325041176464663
"gstB_2",0.0438145358275735,-0.0126321448050802
"upp",-0.0434075561585241,-0.0277874390272919
"fabG_6",0.216742509731765,-0.16307400602072
"gacA",-0.207648270440349,0.0497027523494144
"lpd3",0.624086503553284,0.110886818469594
"dppA_2",-0.185052361867128,-0.0648014506096796
"mtnC",-0.0564918239199188,-0.0763172350184103
"group_3845",0.00323207043505129,-0.0388584284841652
"gcd",0.0200162492820054,0.0093395012121161
"yejE_1",-0.0330464722939273,0.0325041176464663
"pchA_1",1.06461821621531,0.390257265792033
"mdlC",-0.0221951640551059,-0.00645856992455566
"hpcD_2",-0.0164138213642709,0.50875860604311
"group_12495",-0.0699370654178457,-0.0675179475057681
"pdxY",0.00339176761892292,0.0583209861036404
"gatB",-0.00984475512511951,-0.0180490310624074
"accB_2",0.429955968952633,-0.10332701979784
"catI",0.0610426612146184,0.0138942226763429
"gltJ_2",-0.0371605905443647,0.138699743234733
"lysS",-0.052033322820609,-0.0194093176400557
"rpoC",-0.121614101750806,0.0242880538610968
"group_9881",-0.0773705392169209,0.101117838819877
"potF_1",-0.0330464722939273,0.0325041176464663
"group_12001",-0.203534152189911,-0.0564928732388519
"phaA",0.189136886536033,0.0110665393505394
"catD_3",-0.0139889727368735,0.374236241237472
"hss",-0.0429098489942327,-0.0228614861230799
"acnM",0.0653759230774122,-0.00598627292648932
"asd",0.482244312056987,-0.180405599472563
"pta",0.403556833353667,0.214130607928595
"btuR",-0.0416945241383583,0.114372708957545
"group_9686",-0.0367388790467878,-0.0313320750596637
"ydcV_4",-0.0330464722939273,0.0325041176464663
"group_11252",0.0751459477567515,0.0163296259125217
"group_11876",-0.138166644980709,-0.0379986768671866
"dauA_1",-0.0986425335617113,-0.0460643377478258
"group_12241",-0.203534152189911,-0.0564928732388519
"arnC_2",-0.0280733843215923,-0.106376418881187
"group_1495",-0.138166644980709,-0.0379986768671866
"ssuA_2",0.109643540813706,-0.122578149683216
"ywiE_2",-0.0271145015371994,-0.0210747291294747
"accC_1",0.429955968952633,-0.10332701979784
"glyS",-0.052033322820609,-0.0194093176400557
"dcd",-0.0434075561585241,-0.0277874390272919
"antC",0.0199934036403837,-0.0050982833469074
"walR_1",-0.207648270440349,0.0497027523494144
"nirM",-0.0773705392169209,0.101117838819877
"arnC_1",-0.0280733843215923,-0.106376418881187
"fabB",0.186395937759515,-0.145290306666029
"group_2253",-0.125204142212664,-0.0720629120485808
"hcp1_2",-0.268444376204137,-0.0894137633376493
"glmU",-0.00552405027446037,0.0111473401741286
"traG",-0.138166644980709,-0.0379986768671866
"group_11350",-0.0262964778878749,0.0362119459875422
"group_2226",-0.111522725507468,0.142854423093763
"ynbA",-0.0271145015371994,-0.0210747291294747
"group_11437",0.00507358901076399,-0.0206478255781182
"tauD_1",0.151311056804761,0.0295046363780226
"hipO_1",-0.00564150391443034,-0.0404858211394604
"pabC",-0.0677977419089376,-0.0558549023988926
"yhdW",-0.0330464722939273,0.0325041176464663
"phnP",-0.128067373126295,-0.0688903684768961
"pxpC_2",0.0438145358275735,-0.0126321448050802
"moaD",-0.0582189743167103,-0.0599350148743853
"group_11954",-0.203534152189911,-0.0564928732388519
"ipuC",0.131320378879409,0.536680508917755
"folE_1",-0.025609174213448,-0.0544946158212443
"rpmD",-0.104800567010502,-0.0126140900905699
"group_2362",-0.138166644980709,-0.0379986768671866
"soxB",0.0214689815928701,-0.0143649264505828
"rplR",-0.104800567010502,-0.0126140900905699
"selD",0.115803648234108,-0.134499140659433
"hmgA",-0.0132539612617722,0.215982426830251
"fecR_6",-0.0773705392169209,0.101117838819877
"hyi",0.0447993757845007,0.0341133252672123
"mlaC",-0.0330464722939273,0.0325041176464663
"folE2",-0.025609174213448,-0.0544946158212443
"ubiX",0.0655957001575444,0.286549470548057
"group_9245",-0.0582189743167103,-0.0599350148743853
"ybgC_1",0.0798446104097668,0.00108313481319859
"purB_2",0.0351367490110819,0.0128689692924884
"rcsC_3",-0.0773705392169209,0.101117838819877
"fecI_9",-0.0773705392169209,0.101117838819877
"livH_1",-0.144842413194572,-0.0272195461948238
"vgrG1_4",-0.138166644980709,-0.0379986768671866
"lpxL_1",0.00544968864870171,-0.0299717884820155
"atoE",-0.0773705392169209,0.101117838819877
"fdhA_1",0.118244234052103,0.419060183216951
"alkB2",-0.0609985368104795,0.115589627416181
"sucD",0.333298342401234,-0.0562164106962817
"occM_1",-0.0330464722939273,0.0325041176464663
"hemH",-0.0113479521661076,0.0965890096028545
"kynU",0.0049247026097585,0.0566454091942178
"glsA2",0.140876968727738,0.337348087420236
"xcpP_1",-0.138166644980709,-0.0379986768671866
"holA",-0.0243693521212962,-0.164858188992536
"ilvH",0.442257645987429,-0.0683104074856961
"sdhB",0.233678688781593,-0.0691958700695605
"glpE_2",0.186273325334297,-0.154817297369838
"pheA",0.078049806704292,-0.0473908376206242
"hldD",0.00544968864870171,-0.0299717884820155
"gcvH_1",0.18715051980792,-0.00186753855492349
"group_12160",-0.12329997908513,0.170571245368077
"ftsY",-0.266419279407231,-0.0996277335754136
"malP",-0.204165938423838,-0.136970369339312
"ydjJ",-0.00449471679403676,-0.0488564843533408
"queC_2",-0.025609174213448,-0.0544946158212443
"group_438",0.0438145358275735,-0.0126321448050802
"pdhA",0.268330773313375,0.0144770992241987
"arcA_2",0.0299076474400528,0.108635459604014
"phaJ",0.217333410669658,0.00455105897993341
"glnS",-0.00984475512511951,-0.0180490310624074
"group_12580",0.014738451411165,-0.123392542194597
"lecA",-0.315330093090556,-0.116216537080142
"lptB_3",-0.144842413194572,-0.0272195461948238
"pcpD_1",-0.0555569521624515,0.0713219416251485
"sucA",0.155304213803858,-0.0495829615672181
"mupP_3",0.0751459477567515,0.0163296259125217
"nagL_2",-0.0132539612617722,0.215982426830251
"flgK",-0.111522725507468,0.142854423093763
"murF",0.282519139445657,-0.0337937989765687
"thiO",-0.0211990469925199,-0.0451535565462568
"ackA",0.403556833353667,0.214130607928595
"phnJ",-0.128067373126295,-0.0688903684768961
"lemA_2",-0.207648270440349,0.0497027523494144
"pncC_1",-0.0812904796612179,-0.0405903522845243
"ghrB_2",0.108856659933729,0.0399747254577437
"rplT",-0.104800567010502,-0.0126140900905699
"hemF",-0.0113479521661076,0.0965890096028545
"aspC_2",-0.0121518777779926,-0.0213604653350112
"group_12468",-0.203534152189911,-0.0564928732388519
"epsF_1",-0.138166644980709,-0.0379986768671866
"dppA_3",-0.0789759121621365,0.101957524194666
"exsA",-0.203534152189911,-0.0564928732388519
"hcpA_2",-0.268444376204137,-0.0894137633376493
"rtcB_2",-0.0699370654178457,-0.0675179475057681
"group_11710",-0.069303069232689,-0.0224350157071229
"xthA_1",-0.0420099555301116,-0.0466585190843834
"dnaK_2",-0.0215034269895335,-0.0321858316703905
"aroQ",0.078049806704292,-0.0473908376206242
"carA",-0.0436909681304569,0.0235130551980053
"acdA_1",0.441306884912289,-0.00752327684250697
"rstB",-0.0966005177154151,-0.0788460809728172
"dadA1_1",-0.00564150391443034,-0.0404858211394604
"fimW",-0.203534152189911,-0.0564928732388519
"metI",-0.0330464722939273,0.0325041176464663
"pgi",-0.0199496823207712,-0.0259246326614072
"fliA",-0.245914574981333,0.197634962211566
"narK",-0.102483620981025,0.202368380393595
"lptF",-0.0330464722939273,0.0325041176464663
"group_4041",0.014738451411165,-0.123392542194597
"hxcR_1",-0.138166644980709,-0.0379986768671866
"fabG_8",0.216742509731765,-0.16307400602072
"cysQ",0.155926753362046,-0.137033598015148
"hutI",-0.0053082154048987,-0.0287101375076321
"pcs",-0.0389564972604383,-0.0402187150618134
"regA",-0.0773705392169209,0.101117838819877
"group_6653",-0.00963816852489784,0.117342965762395
"arcA_1",0.0299076474400528,0.108635459604014
"ribH",0.0197305362236461,-0.0269665173916146
"group_2356",0.0386500865609067,-0.044470176455396
"ssuA_4",0.109643540813706,-0.122578149683216
"acrB_1",-0.0740511836682832,0.0386776780824982
"pta_1",0.403556833353667,0.214130607928595
"ydcV_2",-0.0330464722939273,0.0325041176464663
"fdoI",0.2222388537007,0.0516292191126005
"ispH",-0.0166022418910297,-0.0523690058570346
"pxpB_1",0.0853075261828059,0.142537141425051
"cynT_2",-0.0602950532855351,0.203728666971243
"exaA",0.049618513446634,0.456650523779963
"sasA_16",-0.0773705392169209,0.101117838819877
"apxIB_2",-0.0330464722939273,0.0325041176464663
"spuE_2",-0.0330464722939273,0.0325041176464663
"group_12320",-0.111522725507468,0.142854423093763
"lytR",-0.0773705392169209,0.101117838819877
"cmtAc",-0.128525824198905,0.412248856631661
"alg8",-0.0376669360935195,0.0260953289076931
"narW",-0.0773705392169209,0.101117838819877
"rcsC_5",-0.0773705392169209,0.101117838819877
"ilvC",0.291945589566013,-0.0201670335074292
"aguA_3",-0.0121518777779926,-0.0213604653350112
"thiG",-0.0211990469925199,-0.0451535565462568
"scoA",0.0957553598259432,-0.0344974276558734
"accB_1",0.429955968952633,-0.10332701979784
"group_3978",0.0339742708351613,0.0488893700720828
"group_9456",-0.203534152189911,-0.0564928732388519
"group_11494",-0.0262964778878749,0.0362119459875422
"pstS",-0.0371605905443647,0.138699743234733
"hemE",-0.0113479521661076,0.0965890096028545
"metZ",0.0861981891877145,-0.231399502348093
"phzF_3",-0.335440945917442,-0.229977010318176
"group_686",-0.203534152189911,-0.0564928732388519
"nasD",-0.0159904597601285,0.225494836476519
"lacF",-0.0330464722939273,0.0325041176464663
"group_338",-0.185052361867128,-0.0648014506096796
"group_2231",-0.185052361867128,-0.0648014506096796
"group_12700",-0.203534152189911,-0.0564928732388519
"group_11864",0.0507782160444337,-0.0156121385179557
"dnaQ",-0.0243693521212962,-0.164858188992536
"msrC",-0.0986803916154083,-0.0776775215960586
"rplV",-0.104800567010502,-0.0126140900905699
"hcpA_1",-0.268444376204137,-0.0894137633376493
"bdlA_2",-0.12329997908513,0.170571245368077
"upp_2",-0.0434075561585241,-0.0277874390272919
"qseB_3",-0.189166480117566,0.0413941749785868
"rpsO",-0.104800567010502,-0.0126140900905699
"dctQ_1",-0.0773705392169209,0.101117838819877
"group_10895",-0.0330464722939273,0.0325041176464663
"fabG_2",0.216742509731765,-0.16307400602072
"gltJ_1",-0.0371605905443647,0.138699743234733
"group_7041",-0.0773705392169209,0.101117838819877
"group_3406",-0.00963816852489784,0.117342965762395
"ygfA",0.0184233039423271,-0.0951245570787267
"epsF_3",-0.138166644980709,-0.0379986768671866
"group_9802",-0.12329997908513,0.170571245368077
"atoC_1",-0.0773705392169209,0.101117838819877
"pyrG_1",-0.0434075561585241,-0.0277874390272919
"hisD",0.0702505676349695,-0.0607717688420483
"tyrS_1",-0.052033322820609,-0.0194093176400557
"group_12436",-0.0543404454734822,-0.0227207519126595
"dnaA",-0.0773705392169209,0.101117838819877
"mrdA",0.0305950667026581,-0.0782855128301426
"paoC",0.0493781825361706,0.00111834392715787
"fabV",0.323409929080231,-0.157773241180645
"pckA",0.268330773313375,0.0144770992241987
"group_5378",-0.185052361867128,-0.0648014506096796
"spuE_3",-0.0330464722939273,0.0325041176464663
"group_3589",0.186395937759515,-0.145290306666029
"rihB",-0.00296046968397047,-0.0561603910942531
"uppP",0.0272757111540203,-0.0158453520927638
"por",-0.0376669360935195,0.0260953289076931
"fpr_2",-0.0310678532709939,-0.00371750019074107
"phzA1",-0.335440945917442,-0.229977010318176
"artJ",-0.0330464722939273,0.0325041176464663
"napA_2",-0.0159904597601285,0.225494836476519
"group_11659",-0.0330464722939273,0.0325041176464663
"mshA_2",-0.203534152189911,-0.0564928732388519
"ispB",-0.0587908095865193,-0.0537292924346828
"glpE_1",0.186273325334297,-0.154817297369838
"iscS_1",-0.00616160034274682,-0.100010784652253
"tesA",-0.0543582943167162,-0.0771745246431596
"napA_3",-0.0159904597601285,0.225494836476519
"cfiB",0.249033820595668,-0.0331408976586515
"group_4121",-0.0836843427555546,0.476583731187453
"speE_2",0.0373065406716499,-0.102874844777019
"leuC",0.321996444471805,-0.0304207709282204
"group_3994",-0.203534152189911,-0.0564928732388519
"group_7986",-0.0773705392169209,0.101117838819877
"group_9913",-0.0330464722939273,0.0325041176464663
"group_10488",0.0222945773571456,0.0335300945038463
"leuS",-0.052033322820609,-0.0194093176400557
"ppnN",-0.0072661138767662,-0.044717764414669
"dnaE_1",-0.0243693521212962,-0.164858188992536
"hcnA",-0.0799009823704452,-0.0156035561740634
"nrdZ",-0.0072661138767662,-0.044717764414669
"nuoH",-0.0214550824657062,0.0204482888918681
"group_9317",-0.0330464722939273,0.0325041176464663
"alkA",-0.0420099555301116,-0.0466585190843834
"group_3960",-0.00552405027446037,0.0111473401741286
"mtnA",-0.0564918239199188,-0.0763172350184103
"nirS_1",-0.0159904597601285,0.225494836476519
"cysE_1",0.265529302940294,-0.249244702384836
"phnI",-0.128067373126295,-0.0688903684768961
"cheB_3",-0.12329997908513,0.170571245368077
"mdtA_4",-0.0773705392169209,0.101117838819877
"zraR_4",-0.0773705392169209,0.101117838819877
"rpmF",-0.104800567010502,-0.0126140900905699
"ribD",-0.0920654046769985,-0.0866901812329048
"recD",-0.0824512513915404,-0.0758737804402643
"gdhA",0.0143550570067346,0.406931989851262
"znuA",-0.0330464722939273,0.0325041176464663
"rplY",-0.104800567010502,-0.0126140900905699
"lipA",0.066470533404955,0.0416285309054295
"cheA",-0.12329997908513,0.170571245368077
"gutB",-0.00449471679403676,-0.0488564843533408
"speE_3",0.0373065406716499,-0.102874844777019
"nemA_1",-0.0755284888816017,0.0445859200760891
"yajC",-0.266419279407231,-0.0996277335754136
"fadD_2",0.00883793699300123,-0.0271470555481368
"group_1551",-0.0330464722939273,0.0325041176464663
"phnL",-0.128067373126295,-0.0688903684768961
"sasA_8",-0.0773705392169209,0.101117838819877
"kdpD",-0.0773705392169209,0.101117838819877
"ispD",-0.0166022418910297,-0.0523690058570346
"rpmE2",-0.104800567010502,-0.0126140900905699
"group_689",-0.268444376204137,-0.0894137633376493
"osmV",-0.0330464722939273,0.0325041176464663
"group_4115",-0.0773705392169209,0.101117838819877
